"objectid","stationid","sampledate","sitescore30m","sitescore100m","comments","created_user","created_date","last_edited_user","last_edited_date","login_email","login_agency","login_owner","login_year","login_project","globalid"
1,"902WE0888","2018-05-17 00:00:00","2.00000000","2.00000000","","checker","2020-02-19 07:10:17","checker","2020-02-19 07:10:17","pauls@sccwrp.org","ABCL","Carlsbad_WMA","2019","SMC","{3E1D72AB-673B-4C1B-BE4F-02838C82FB11}"
2,"907M23367","2018-05-29 00:00:00","1.00000000","1.00000000","","checker","2020-02-19 07:10:17","checker","2020-02-19 07:10:17","pauls@sccwrp.org","ABCL","Carlsbad_WMA","2019","SMC","{EDB8D7E0-E7DF-4C67-9116-B1CF1901F356}"
3,"903M20230","2018-05-08 00:00:00","1.00000000","1.00000000","","checker","2020-02-19 07:10:17","checker","2020-02-19 07:10:17","pauls@sccwrp.org","ABCL","Carlsbad_WMA","2019","SMC","{1E660184-A0AD-4F5E-BBA0-E18823DD9910}"
4,"903M20235","2018-06-02 00:00:00","2.00000000","2.00000000","","checker","2020-02-19 07:10:17","checker","2020-02-19 07:10:17","pauls@sccwrp.org","ABCL","Carlsbad_WMA","2019","SMC","{9670EF7D-4F9B-4321-B194-F0C995E41FB2}"
5,"907M23349","2018-05-09 00:00:00","1.00000000","1.00000000","","checker","2020-02-19 07:10:17","checker","2020-02-19 07:10:17","pauls@sccwrp.org","ABCL","Carlsbad_WMA","2019","SMC","{4A2037E9-CDD5-48C8-B629-519807EAA79C}"
6,"903M20214","2018-05-08 00:00:00","4.00000000","4.00000000","","checker","2020-02-19 07:10:17","checker","2020-02-19 07:10:17","pauls@sccwrp.org","ABCL","Carlsbad_WMA","2019","SMC","{5A9719A9-33FB-4AE3-90BA-AD259ECCD7E7}"
7,"907M23379","2018-05-30 00:00:00","5.00000000","5.00000000","","checker","2020-02-19 07:10:17","checker","2020-02-19 07:10:17","pauls@sccwrp.org","ABCL","Carlsbad_WMA","2019","SMC","{EB0ED1B8-E319-4159-82D2-F149BC99E417}"
8,"SMC09698","2018-06-05 00:00:00","1.00000000","1.00000000","","checker","2020-02-19 07:10:17","checker","2020-02-19 07:10:17","pauls@sccwrp.org","ABCL","Carlsbad_WMA","2019","SMC","{30FDBF63-F98A-4789-84F4-AEE2C085CAAC}"
9,"SMC11581","2018-06-05 00:00:00","5.00000000","5.00000000","","checker","2020-02-19 07:10:17","checker","2020-02-19 07:10:17","pauls@sccwrp.org","ABCL","Carlsbad_WMA","2019","SMC","{939B6577-B4E6-4FF6-B8C1-40755A248B8A}"
10,"801M16976","2018-06-06 00:00:00","8.00000000","7.00000000","","checker","2020-02-19 07:10:17","checker","2020-02-19 07:10:17","pauls@sccwrp.org","ABCL","Carlsbad_WMA","2019","SMC","{224BEC1B-D434-4319-A852-FAE8D6C5946A}"
11,"801M16973","2018-06-06 00:00:00","5.00000000","5.00000000","","checker","2020-02-19 07:10:17","checker","2020-02-19 07:10:17","pauls@sccwrp.org","ABCL","Carlsbad_WMA","2019","SMC","{60F8E015-DFB0-4C97-B14B-0DCB6F975590}"
12,"408BA0660","2018-06-11 00:00:00","2.00000000","2.00000000","","checker","2020-02-19 07:10:17","checker","2020-02-19 07:10:17","pauls@sccwrp.org","ABCL","Carlsbad_WMA","2019","SMC","{E142AAB6-754E-4E9D-9FC9-85768E1AE0EE}"
13,"SMC00036","2018-06-11 00:00:00","4.00000000","4.00000000","","checker","2020-02-19 07:10:17","checker","2020-02-19 07:10:17","pauls@sccwrp.org","ABCL","Carlsbad_WMA","2019","SMC","{12C004F0-7110-48E1-9B94-ACC92C025A0E}"
14,"403M01626","2018-06-13 00:00:00","1.00000000","1.00000000","","checker","2020-02-19 07:10:17","checker","2020-02-19 07:10:17","pauls@sccwrp.org","ABCL","Carlsbad_WMA","2019","SMC","{4304C3B8-5292-46F1-9CDA-68E9F348D806}"
15,"403M01565","2018-06-13 00:00:00","1.00000000","1.00000000","","checker","2020-02-19 07:10:17","checker","2020-02-19 07:10:17","pauls@sccwrp.org","ABCL","Carlsbad_WMA","2019","SMC","{08DCF678-EB7F-4A46-9307-0F3E08684C4B}"
16,"402M00114","2018-06-14 00:00:00","1.00000000","1.00000000","","checker","2020-02-19 07:10:17","checker","2020-02-19 07:10:17","pauls@sccwrp.org","ABCL","Carlsbad_WMA","2019","SMC","{6C0F04BE-A159-4FFC-B417-E5285FBE2D66}"
17,"ME-VR2","2018-06-14 00:00:00","1.00000000","1.00000000","","checker","2020-02-19 07:10:17","checker","2020-02-19 07:10:17","pauls@sccwrp.org","ABCL","Carlsbad_WMA","2019","SMC","{9A24DE85-A239-4AB5-BFD9-F347423F92AE}"
18,"408M03115","2018-06-19 00:00:00","3.00000000","3.00000000","","checker","2020-02-19 07:10:17","checker","2020-02-19 07:10:17","pauls@sccwrp.org","ABCL","Carlsbad_WMA","2019","SMC","{4D956DEE-ED1C-4A22-B3D0-49918E76F729}"
19,"404M04624","2018-06-19 00:00:00","3.00000000","3.00000000","","checker","2020-02-19 07:10:17","checker","2020-02-19 07:10:17","pauls@sccwrp.org","ABCL","Carlsbad_WMA","2019","SMC","{99D6AD3C-0F78-404E-92E4-959423274270}"
20,"SMC00271","2018-06-25 00:00:00","1.00000000","1.00000000","","checker","2020-02-19 07:10:17","checker","2020-02-19 07:10:17","pauls@sccwrp.org","ABCL","Carlsbad_WMA","2019","SMC","{BBAE5EA9-CA48-4AFD-9914-8EA68986CE23}"
21,"SMC00027","2018-06-26 00:00:00","1.00000000","1.00000000","","checker","2020-02-19 07:10:17","checker","2020-02-19 07:10:17","pauls@sccwrp.org","ABCL","Carlsbad_WMA","2019","SMC","{5C7C5E6B-F34F-4946-B34E-D956751CC530}"
22,"410M01628","2018-06-28 00:00:00","5.00000000","6.00000000","","checker","2020-02-19 07:10:17","checker","2020-02-19 07:10:17","pauls@sccwrp.org","ABCL","Carlsbad_WMA","2019","SMC","{C924D994-6CA4-4184-B720-2A41A5F86302}"
23,"ME-CC","2018-06-28 00:00:00","1.00000000","1.00000000","","checker","2020-02-19 07:10:17","checker","2020-02-19 07:10:17","pauls@sccwrp.org","ABCL","Carlsbad_WMA","2019","SMC","{75C16C69-1025-4E43-B387-98E7A25E186C}"
24,"SMC00324","2018-07-11 00:00:00","1.00000000","1.00000000","","checker","2020-02-19 07:10:17","checker","2020-02-19 07:10:17","pauls@sccwrp.org","ABCL","Carlsbad_WMA","2019","SMC","{82F0FFED-9591-414C-B09B-8C5594EF5709}"
25,"SMC00836","2018-07-11 00:00:00","4.00000000","4.00000000","","checker","2020-02-19 07:10:17","checker","2020-02-19 07:10:17","pauls@sccwrp.org","ABCL","Carlsbad_WMA","2019","SMC","{B0C271C0-E71F-435A-A69B-4149F958B57B}"
26,"402M00082","2018-07-23 00:00:00","1.00000000","1.00000000","","checker","2020-02-19 07:10:17","checker","2020-02-19 07:10:17","pauls@sccwrp.org","ABCL","Carlsbad_WMA","2019","SMC","{49B569DD-46D9-4AF6-B5B6-4B09A5A21256}"
27,"402M00066","2018-07-23 00:00:00","1.00000000","1.00000000","","checker","2020-02-19 07:10:17","checker","2020-02-19 07:10:17","pauls@sccwrp.org","ABCL","Carlsbad_WMA","2019","SMC","{6482164C-A119-4548-B3E6-90AD3F462987}"
28,"408M03116","2018-08-21 00:00:00","2.00000000","2.00000000","","checker","2020-02-19 07:10:17","checker","2020-02-19 07:10:17","pauls@sccwrp.org","ABCL","Carlsbad_WMA","2019","SMC","{FA916540-6A8E-46DF-8481-E7E924F93F87}"
29,"408M03119","2018-06-28 00:00:00","1.00000000","1.00000000","","checker","2020-02-19 07:10:17","checker","2020-02-19 07:10:17","pauls@sccwrp.org","ABCL","Carlsbad_WMA","2019","SMC","{7B54D21D-6C78-4420-9EF4-CD9C3AF52434}"
30,"911M24949","2018-04-11 00:00:00","1.00000000","1.00000000","","checker","2020-02-19 07:10:17","checker","2020-02-19 07:10:17","pauls@sccwrp.org","ABCL","Carlsbad_WMA","2019","SMC","{868874F0-16AA-4F5A-ACB7-434FB082D62C}"
31,"911M24957","2018-05-17 00:00:00","1.00000000","1.00000000","","checker","2020-02-19 07:10:17","checker","2020-02-19 07:10:17","pauls@sccwrp.org","ABCL","Carlsbad_WMA","2019","SMC","{D6A84843-21AC-427F-A030-1BD9253F0DAA}"
32,"SMC00382","2018-06-21 00:00:00","6.00000000","6.00000000","","checker","2020-02-19 07:10:17","checker","2020-02-19 07:10:17","pauls@sccwrp.org","ABCL","Carlsbad_WMA","2019","SMC","{C6819BDC-2B6A-4657-A279-A5D1FB7BFDD1}"
33,"SMC00608","2018-06-27 00:00:00","6.00000000","6.00000000","","checker","2020-02-19 07:10:17","checker","2020-02-19 07:10:17","pauls@sccwrp.org","ABCL","Carlsbad_WMA","2019","SMC","{24451445-F076-4390-A5DE-6AC91D7774E3}"
34,"SMC00544","2018-06-27 00:00:00","2.00000000","2.00000000","","checker","2020-02-19 07:10:17","checker","2020-02-19 07:10:17","pauls@sccwrp.org","ABCL","Carlsbad_WMA","2019","SMC","{F70FBF23-79F5-499A-AF1F-6B6A99683BBD}"
35,"SMC00480","2018-07-02 00:00:00","1.00000000","1.00000000","","checker","2020-02-19 07:10:17","checker","2020-02-19 07:10:17","pauls@sccwrp.org","ABCL","Carlsbad_WMA","2019","SMC","{AD4F029E-C4C5-4F69-A398-33BF0FA7A206}"
36,"405CE0280","2018-07-02 00:00:00","1.00000000","1.00000000","","checker","2020-02-19 07:10:17","checker","2020-02-19 07:10:17","pauls@sccwrp.org","ABCL","Carlsbad_WMA","2019","SMC","{B562292F-57A1-48C5-BF34-30599C6A174A}"
37,"SMC02976","2018-07-09 00:00:00","1.00000000","1.00000000","","checker","2020-02-19 07:10:17","checker","2020-02-19 07:10:17","pauls@sccwrp.org","ABCL","Carlsbad_WMA","2019","SMC","{B918E77D-DD16-4680-AE19-40BCC0E1C275}"
38,"SMC16832","2018-07-10 00:00:00","8.00000000","8.00000000","","checker","2020-02-19 07:10:17","checker","2020-02-19 07:10:17","pauls@sccwrp.org","ABCL","Carlsbad_WMA","2019","SMC","{43EAA49A-8C6C-404C-9F8F-A43CF9BB85B2}"
39,"SMC09534","2018-07-10 00:00:00","4.00000000","4.00000000","","checker","2020-02-19 07:10:17","checker","2020-02-19 07:10:17","pauls@sccwrp.org","ABCL","Carlsbad_WMA","2019","SMC","{D36C2FB0-8216-4030-AF6F-ECEE51AE6494}"
40,"SMC04524","2018-07-19 00:00:00","1.00000000","1.00000000","","checker","2020-02-19 07:10:17","checker","2020-02-19 07:10:17","pauls@sccwrp.org","ABCL","Carlsbad_WMA","2019","SMC","{99082E26-748E-4114-9D16-4F16D0D3C7A3}"
41,"SMC02656","2018-08-06 00:00:00","6.00000000","6.00000000","","checker","2020-02-19 07:10:17","checker","2020-02-19 07:10:17","pauls@sccwrp.org","ABCL","Carlsbad_WMA","2019","SMC","{40F654C2-0C83-413B-B2DD-29438C8CD726}"
42,"SMC01440","2018-06-27 00:00:00","2.00000000","2.00000000","","checker","2020-02-19 07:10:17","checker","2020-02-19 07:10:17","pauls@sccwrp.org","ABCL","Carlsbad_WMA","2019","SMC","{94064B08-93BB-4BAF-916A-C5A23D8C467D}"
43,"909WE0662","2018-06-14 00:00:00","2.00000000","2.00000000","","checker","2020-02-19 07:10:17","checker","2020-02-19 07:10:17","pauls@sccwrp.org","ABCL","Carlsbad_WMA","2019","SMC","{83993F8F-1C31-490F-8EF1-529A7E29BF13}"
44,"909M24955","2018-04-11 00:00:00","5.00000000","6.00000000","","checker","2020-02-19 07:10:17","checker","2020-02-19 07:10:17","pauls@sccwrp.org","ABCL","Carlsbad_WMA","2019","SMC","{2E0A1AC1-C535-4196-9E36-39DBC27E5945}"
45,"905PS0026","2018-04-10 00:00:00","1.00000000","1.00000000","","checker","2020-02-19 07:10:17","checker","2020-02-19 07:10:17","pauls@sccwrp.org","ABCL","Carlsbad_WMA","2019","SMC","{1797D333-C79D-41D5-8F92-6F0EBB2E20E9}"
46,"906M21770","2018-05-29 00:00:00","5.00000000","5.00000000","","checker","2020-02-19 07:10:17","checker","2020-02-19 07:10:17","pauls@sccwrp.org","ABCL","Carlsbad_WMA","2019","SMC","{383AAAFC-6E1B-430D-90CB-E8124A415760}"
47,"906M21754","2018-04-10 00:00:00","2.00000000","2.00000000","","checker","2020-02-19 07:10:17","checker","2020-02-19 07:10:17","pauls@sccwrp.org","ABCL","Carlsbad_WMA","2019","SMC","{D72B929F-C7D2-4456-A5E3-632011830949}"
48,"907M23373","2018-05-17 00:00:00","4.00000000","4.00000000","","checker","2020-02-19 07:10:17","checker","2020-02-19 07:10:17","pauls@sccwrp.org","ABCL","Carlsbad_WMA","2019","SMC","{BCB3462B-CDD9-481E-A420-30EE60874E38}"
49,"SMC01694","2018-08-06 00:00:00","2.00000000","4.00000000","","checker","2020-02-19 07:10:17","checker","2020-02-19 07:10:17","pauls@sccwrp.org","ABCL","Carlsbad_WMA","2019","SMC","{B1DFD678-B24B-4E18-AE32-373FB4408771}"
50,"SMC00670","2018-06-12 00:00:00","3.00000000","5.00000000","","checker","2020-02-19 07:10:17","checker","2020-02-19 07:10:17","pauls@sccwrp.org","ABCL","Carlsbad_WMA","2019","SMC","{F2CC9CC0-A5D3-4E4A-B30F-385395868B46}"
51,"845PS0011","2018-06-12 00:00:00","1.00000000","1.00000000","","checker","2020-02-19 07:10:17","checker","2020-02-19 07:10:17","pauls@sccwrp.org","ABCL","Carlsbad_WMA","2019","SMC","{6662BE18-AC8D-4FDA-BE66-1973A5A0E498}"
52,"SMC00926","2018-06-12 00:00:00","5.00000000","4.00000000","","checker","2020-02-19 07:10:17","checker","2020-02-19 07:10:17","pauls@sccwrp.org","ABCL","Carlsbad_WMA","2019","SMC","{6D805912-5437-4C47-8594-9AD91A25207F}"
53,"901M14142","2018-05-31 00:00:00","6.00000000","8.00000000","","checker","2020-02-19 07:10:17","checker","2020-02-19 07:10:17","pauls@sccwrp.org","ABCL","Carlsbad_WMA","2019","SMC","{86DE9733-6CC6-4D2A-AC26-9DD1C5816A32}"
54,"SMC00206","2018-05-31 00:00:00","1.00000000","1.00000000","","checker","2020-02-19 07:10:17","checker","2020-02-19 07:10:17","pauls@sccwrp.org","ABCL","Carlsbad_WMA","2019","SMC","{02C24455-F8A0-4B3E-B435-174D5A37CCE0}"
55,"801M12673","2018-04-30 00:00:00","5.00000000","7.00000000","","checker","2020-02-19 07:10:17","checker","2020-02-19 07:10:17","pauls@sccwrp.org","ABCL","Carlsbad_WMA","2019","SMC","{16631381-2920-4A55-8548-270BC9903CCA}"
56,"901M14141","2018-04-30 00:00:00","1.00000000","1.00000000","","checker","2020-02-19 07:10:17","checker","2020-02-19 07:10:17","pauls@sccwrp.org","ABCL","Carlsbad_WMA","2019","SMC","{5280204B-20BB-4853-AF9E-A04AD56D2AEA}"
57,"801M12672","2018-04-26 00:00:00","4.00000000","4.00000000","","checker","2020-02-19 07:10:17","checker","2020-02-19 07:10:17","pauls@sccwrp.org","ABCL","Carlsbad_WMA","2019","SMC","{CF3C6BF8-5B16-4EA0-9E74-AA2704E6F156}"
58,"801M12674","2018-04-26 00:00:00","3.00000000","3.00000000","","checker","2020-02-19 07:10:17","checker","2020-02-19 07:10:17","pauls@sccwrp.org","ABCL","Carlsbad_WMA","2019","SMC","{6712A086-CC28-49BC-867A-069CE62F86B6}"
59,"SMC00873","2018-04-17 00:00:00","5.00000000","4.00000000","","checker","2020-02-19 07:10:17","checker","2020-02-19 07:10:17","pauls@sccwrp.org","ABCL","Carlsbad_WMA","2019","SMC","{6BF1AFC6-08FC-4665-B111-8C75F77DCA5E}"
60,"SMC00105","2018-04-17 00:00:00","2.00000000","3.00000000","","checker","2020-02-19 07:10:17","checker","2020-02-19 07:10:17","pauls@sccwrp.org","ABCL","Carlsbad_WMA","2019","SMC","{8F6BE35B-92BD-4759-B81D-F41E4B7BD4B6}"
61,"412CE0232","2018-05-30 00:00:00","2.00000000","2.00000000","","checker","2020-02-19 07:10:17","checker","2020-02-19 07:10:17","pauls@sccwrp.org","ABCL","Carlsbad_WMA","2019","SMC","{6C837C73-80E2-48F1-B264-66E9E1314770}"
62,"412M08637","2018-05-30 00:00:00","1.00000000","1.00000000","","checker","2020-02-19 07:10:17","checker","2020-02-19 07:10:17","pauls@sccwrp.org","ABCL","Carlsbad_WMA","2019","SMC","{9B2BCA2E-E8E1-4620-BD7B-3E49F613FE63}"
63,"SMC02092","2018-06-18 00:00:00","1.00000000","1.00000000","","checker","2020-02-19 07:10:17","checker","2020-02-19 07:10:17","pauls@sccwrp.org","ABCL","Carlsbad_WMA","2019","SMC","{967AD616-5DAE-484F-926D-39F39D806339}"
64,"412M08641","2018-06-20 00:00:00","4.00000000","4.00000000","","checker","2020-02-19 07:10:17","checker","2020-02-19 07:10:17","pauls@sccwrp.org","ABCL","Carlsbad_WMA","2019","SMC","{AB2E6693-10EC-430D-A8F1-555E0454C199}"
65,"412M08599","2018-06-20 00:00:00","2.00000000","2.00000000","","checker","2020-02-19 07:10:17","checker","2020-02-19 07:10:17","pauls@sccwrp.org","ABCL","Carlsbad_WMA","2019","SMC","{CE97AF2B-45B6-4A57-A3B2-4BC032AEF9DD}"
66,"SMC02568","2018-08-02 00:00:00","1.00000000","1.00000000","","checker","2020-02-19 07:10:17","checker","2020-02-19 07:10:17","pauls@sccwrp.org","ABCL","Carlsbad_WMA","2019","SMC","{DB5F71EA-4C24-47B4-954D-1218A0D2B16E}"
67,"412WE0552","2018-08-02 00:00:00","1.00000000","1.00000000","","checker","2020-02-19 07:10:17","checker","2020-02-19 07:10:17","pauls@sccwrp.org","ABCL","Carlsbad_WMA","2019","SMC","{6A6098AF-1612-4639-8451-F9F6FEF2D3D9}"
68,"412M08643","2018-05-23 00:00:00","9.00000000","9.00000000","","checker","2020-02-19 07:10:17","checker","2020-02-19 07:10:17","pauls@sccwrp.org","ABCL","Carlsbad_WMA","2019","SMC","{5244C49E-68BC-427D-8964-95A9374618A0}"
69,"SMC00440","2018-05-23 00:00:00","2.00000000","2.00000000","","checker","2020-02-19 07:10:17","checker","2020-02-19 07:10:17","pauls@sccwrp.org","ABCL","Carlsbad_WMA","2019","SMC","{A5AF4FBB-C155-4486-A5EE-7CA3E1507D34}"
70,"SMC02088","2018-06-18 00:00:00","2.00000000","2.00000000","","checker","2020-02-19 07:10:17","checker","2020-02-19 07:10:17","pauls@sccwrp.org","ABCL","Carlsbad_WMA","2019","SMC","{9442D1FB-FD23-4807-870D-AFBD52C65EF7}"
71,"904WE1125","2018-05-29 00:00:00","6.00000000","7.00000000","","checker","2020-02-19 07:10:17","checker","2020-02-19 07:10:17","pauls@sccwrp.org","ABCL","Carlsbad_WMA","2019","SMC","{76ACB338-02A8-4DA6-963A-4A7889C6AB1D}"
72,"904M21764","2018-04-17 00:00:00","7.00000000","9.00000000","","checker","2020-02-19 07:10:17","checker","2020-02-19 07:10:17","pauls@sccwrp.org","ABCL","Carlsbad_WMA","2019","SMC","{087C1906-9F90-4C26-9DBA-E3EF8141E7F6}"
73,"SMC01097","2018-05-01 00:00:00","2.00000000","2.00000000","","checker","2020-02-19 07:10:17","checker","2020-02-19 07:10:17","pauls@sccwrp.org","ABCL","Carlsbad_WMA","2019","SMC","{ED9A2FEE-43EB-44D8-A6DE-51AFA4FBCBAC}"
74,"902M18901","2018-05-01 00:00:00","2.00000000","5.00000000","","checker","2020-02-19 07:10:17","checker","2020-02-19 07:10:17","pauls@sccwrp.org","ABCL","Carlsbad_WMA","2019","SMC","{77E4B117-74BD-4D11-B720-FFF861E6EE4E}"
75,"SGLT506","2018-07-02 00:00:00","9.00000000","8.00000000","","checker","2020-02-19 07:10:17","checker","2020-02-19 07:10:17","pauls@sccwrp.org","ABCL","Carlsbad_WMA","2019","SMC","{811D3CC3-09D0-4C2F-AFED-DD53E8A9FF60}"
76,"403M05798","2018-05-15 00:00:00","1.00000000","1.00000000","","checker","2020-02-19 07:10:17","checker","2020-02-19 07:10:17","pauls@sccwrp.org","ABCL","Carlsbad_WMA","2019","SMC","{8DB17601-6EB3-42E5-9312-DD34F8CC827A}"
77,"404M07368","2018-06-20 00:00:00","1.00000000","1.00000000","","checker","2020-02-19 07:10:17","checker","2020-02-19 07:10:17","pauls@sccwrp.org","ABCL","Carlsbad_WMA","2019","SMC","{E9BE3EF2-8FDA-413E-87FD-91AFA6910F33}"
78,"404M07365","2018-06-27 00:00:00","2.00000000","2.00000000","","checker","2020-02-19 07:10:17","checker","2020-02-19 07:10:17","pauls@sccwrp.org","ABCL","Carlsbad_WMA","2019","SMC","{428534B0-3846-450C-9773-3F503FC1C929}"
79,"SMC01640","2018-06-19 00:00:00","1.00000000","2.00000000","","checker","2020-02-19 07:10:17","checker","2020-02-19 07:10:17","pauls@sccwrp.org","ABCL","Carlsbad_WMA","2019","SMC","{7F071B0F-E03C-4CA7-B9DD-57DF6E6513AF}"
80,"403M05800","2018-05-16 00:00:00","1.00000000","1.00000000","","checker","2020-02-19 07:10:17","checker","2020-02-19 07:10:17","pauls@sccwrp.org","ABCL","Carlsbad_WMA","2019","SMC","{EA466023-8BF4-4EE2-A86D-32A72EFBCFAD}"
81,"404M07364","2018-06-21 00:00:00","5.00000000","4.00000000","","checker","2020-02-19 07:10:17","checker","2020-02-19 07:10:17","pauls@sccwrp.org","ABCL","Carlsbad_WMA","2019","SMC","{02EABBE2-2607-4A5E-A3E0-3E5246500131}"
82,"SGUR3984","2018-07-02 00:00:00","1.00000000","1.00000000","","checker","2020-02-19 07:10:17","checker","2020-02-19 07:10:17","pauls@sccwrp.org","ABCL","Carlsbad_WMA","2019","SMC","{96605322-5580-44BD-AC36-641B3133C733}"
83,"SMC01384","2018-06-19 00:00:00","2.00000000","2.00000000","","checker","2020-02-19 07:10:17","checker","2020-02-19 07:10:17","pauls@sccwrp.org","ABCL","Carlsbad_WMA","2019","SMC","{1D821642-89A0-406D-81DD-BEC72EBFF7C3}"
84,"SMC09698","2019-06-19 00:00:00","2.00000000","2.00000000","","checker","2020-02-20 12:56:41","checker","2020-02-20 12:56:41","pauls@sccwrp.org","WestonSolu","Southern California Coastal Water Research Project","2019","SMC","{664DFA7C-D4C7-4BB0-8CEA-63D26020C7D4}"
85,"SMC11581","2019-06-19 00:00:00","3.00000000","3.00000000","","checker","2020-02-20 12:56:41","checker","2020-02-20 12:56:41","pauls@sccwrp.org","WestonSolu","Southern California Coastal Water Research Project","2019","SMC","{E831D15C-DE5C-43BD-B54B-975D1DD43C82}"
86,"802M16985","2019-05-10 00:00:00","2.00000000","3.00000000","","checker","2020-02-20 12:56:41","checker","2020-02-20 12:56:41","pauls@sccwrp.org","WestonSolu","Southern California Coastal Water Research Project","2019","SMC","{2237FDF5-FE09-46CA-B209-9D5229642611}"
87,"801M16957","2019-05-10 00:00:00","1.00000000","1.00000000","","checker","2020-02-20 12:56:41","checker","2020-02-20 12:56:41","pauls@sccwrp.org","WestonSolu","Southern California Coastal Water Research Project","2019","SMC","{95F76C74-539F-4288-A9C9-E5079D2289BF}"
88,"904M21782","2019-06-11 00:00:00","5.00000000","5.00000000","","checker","2020-02-20 12:56:41","checker","2020-02-20 12:56:41","pauls@sccwrp.org","WestonSolu","Southern California Coastal Water Research Project","2019","SMC","{5887B556-8F5B-4181-A3BD-D38C22F89CB6}"
89,"904M21761","2019-06-03 00:00:00","1.00000000","1.00000000","","checker","2020-02-20 12:56:41","checker","2020-02-20 12:56:41","pauls@sccwrp.org","WestonSolu","Southern California Coastal Water Research Project","2019","SMC","{F0092A44-A85B-4B91-A5B1-98C1D221812A}"
90,"904M21784","2019-06-18 00:00:00","5.00000000","4.00000000","","checker","2020-02-20 12:56:41","checker","2020-02-20 12:56:41","pauls@sccwrp.org","WestonSolu","Southern California Coastal Water Research Project","2019","SMC","{A7368036-91A0-47F4-9D8A-807F831D3573}"
91,"904WE1125","2019-06-17 00:00:00","5.00000000","5.00000000","","checker","2020-02-20 12:56:41","checker","2020-02-20 12:56:41","pauls@sccwrp.org","WestonSolu","Southern California Coastal Water Research Project","2019","SMC","{255FB7CD-BA82-4FDE-B4F6-A006172230BE}"
92,"902M20237","2019-06-04 00:00:00","1.00000000","1.00000000","","checker","2020-02-20 12:56:41","checker","2020-02-20 12:56:41","pauls@sccwrp.org","WestonSolu","Southern California Coastal Water Research Project","2019","SMC","{57AFF3E8-50AB-4CAD-B65C-2CB878612C9D}"
93,"902M20273","2019-06-12 00:00:00","2.00000000","2.00000000","","checker","2020-02-20 12:56:41","checker","2020-02-20 12:56:41","pauls@sccwrp.org","WestonSolu","Southern California Coastal Water Research Project","2019","SMC","{C0E26A7B-65C8-4999-BFF9-9ED51BCD9372}"
94,"902WE0888","2019-06-11 00:00:00","2.00000000","1.00000000","","checker","2020-02-20 12:56:41","checker","2020-02-20 12:56:41","pauls@sccwrp.org","WestonSolu","Southern California Coastal Water Research Project","2019","SMC","{7D875ACC-3236-4967-92A4-200A064CA7C5}"
95,"903M20280","2019-07-01 00:00:00","1.00000000","1.00000000","","checker","2020-02-20 12:56:41","checker","2020-02-20 12:56:41","pauls@sccwrp.org","WestonSolu","Southern California Coastal Water Research Project","2019","SMC","{2F114094-D999-4D98-92CA-6EAD98012016}"
96,"907M23385","2019-06-25 00:00:00","2.00000000","2.00000000","","checker","2020-02-20 12:56:41","checker","2020-02-20 12:56:41","pauls@sccwrp.org","WestonSolu","Southern California Coastal Water Research Project","2019","SMC","{8879E1BA-AF5B-4242-BF42-4B058DF1C9BB}"
97,"907M23401","2019-06-13 00:00:00","1.00000000","1.00000000","","checker","2020-02-20 12:56:41","checker","2020-02-20 12:56:41","pauls@sccwrp.org","WestonSolu","Southern California Coastal Water Research Project","2019","SMC","{030A4FDB-A27C-4435-87E1-E1DEE202F36A}"
98,"SMC01640","2019-07-08 00:00:00","2.00000000","4.00000000","","checker","2020-02-20 12:56:41","checker","2020-02-20 12:56:41","pauls@sccwrp.org","WestonSolu","Southern California Coastal Water Research Project","2019","SMC","{7BD5252B-3046-4C2F-87B7-3315A9FCCFAB}"
99,"SMC01384","2019-07-08 00:00:00","3.00000000","3.00000000","","checker","2020-02-20 12:56:41","checker","2020-02-20 12:56:41","pauls@sccwrp.org","WestonSolu","Southern California Coastal Water Research Project","2019","SMC","{061F87A8-9AFA-4CE0-9BBE-BFBDBFB3283A}"
100,"404M07376","2019-07-09 00:00:00","1.00000000","3.00000000","","checker","2020-02-20 12:56:41","checker","2020-02-20 12:56:41","pauls@sccwrp.org","WestonSolu","Southern California Coastal Water Research Project","2019","SMC","{894C64B8-92D0-4719-871B-2D3017FCDB1D}"
101,"404M07375","2019-05-14 00:00:00","1.00000000","1.00000000","","checker","2020-02-20 12:56:41","checker","2020-02-20 12:56:41","pauls@sccwrp.org","WestonSolu","Southern California Coastal Water Research Project","2019","SMC","{1C62C4B6-5CA0-4738-9F57-F51E0A1D5893}"
102,"404M07372","2019-07-09 00:00:00","4.00000000","4.00000000","","checker","2020-02-20 12:56:41","checker","2020-02-20 12:56:41","pauls@sccwrp.org","WestonSolu","Southern California Coastal Water Research Project","2019","SMC","{69BC4BFA-8C33-4413-8D41-43643E1E8159}"
103,"403M05844","2019-06-20 00:00:00","2.00000000","2.00000000","","checker","2020-02-20 12:56:41","checker","2020-02-20 12:56:41","pauls@sccwrp.org","WestonSolu","Southern California Coastal Water Research Project","2019","SMC","{7F4510DB-E5A6-4444-BD09-620826B99A8E}"
104,"403M05832","2019-06-27 00:00:00","1.00000000","1.00000000","","checker","2020-02-20 12:56:41","checker","2020-02-20 12:56:41","pauls@sccwrp.org","WestonSolu","Southern California Coastal Water Research Project","2019","SMC","{76E58802-189B-4565-9B57-C819744972F3}"
105,"412M08641","2019-07-09 00:00:00","1.00000000","-88.00000000","","checker","2020-02-21 11:02:08","checker","2020-02-21 11:02:08","pauls@sccwrp.org","ABCL","LARWMP","2019","SMC","{386A3AAE-8648-45D2-8E85-FF281A0C1ABC}"
106,"SMC01808","2019-07-09 00:00:00","1.00000000","-88.00000000","","checker","2020-02-21 11:02:08","checker","2020-02-21 11:02:08","pauls@sccwrp.org","ABCL","LARWMP","2019","SMC","{84BD5F7D-B41C-4F05-A5B1-396DAB8F12E2}"
107,"SMC01004","2019-07-15 00:00:00","1.00000000","-88.00000000","","checker","2020-02-21 11:02:08","checker","2020-02-21 11:02:08","pauls@sccwrp.org","ABCL","LARWMP","2019","SMC","{F84B917E-9317-4121-9C51-49B65D6272E0}"
108,"412CE0232","2019-07-15 00:00:00","2.00000000","-88.00000000","","checker","2020-02-21 11:02:08","checker","2020-02-21 11:02:08","pauls@sccwrp.org","ABCL","LARWMP","2019","SMC","{1FD15ED3-EC3D-4711-AD10-7D989F8E7B98}"
109,"412M08645","2019-07-15 00:00:00","7.00000000","-88.00000000","","checker","2020-02-21 11:02:08","checker","2020-02-21 11:02:08","pauls@sccwrp.org","ABCL","LARWMP","2019","SMC","{D90D166C-2367-4DBF-B8D5-751537E7F556}"
110,"412M08647","2019-07-16 00:00:00","2.00000000","-88.00000000","","checker","2020-02-21 11:02:08","checker","2020-02-21 11:02:08","pauls@sccwrp.org","ABCL","LARWMP","2019","SMC","{B8532AA4-8F02-457D-9233-16B0C191489A}"
111,"412M08646","2019-07-16 00:00:00","2.00000000","-88.00000000","","checker","2020-02-21 11:02:08","checker","2020-02-21 11:02:08","pauls@sccwrp.org","ABCL","LARWMP","2019","SMC","{9D5E07BF-C593-4E7D-A9F3-929FDA87F592}"
112,"412WE0552","2019-07-23 00:00:00","1.00000000","-88.00000000","","checker","2020-02-21 11:02:08","checker","2020-02-21 11:02:08","pauls@sccwrp.org","ABCL","LARWMP","2019","SMC","{D91F3769-20EC-4631-9FFB-E0DF8D297A2A}"
113,"SMC04204","2019-07-30 00:00:00","1.00000000","-88.00000000","","checker","2020-02-21 11:02:08","checker","2020-02-21 11:02:08","pauls@sccwrp.org","ABCL","LARWMP","2019","SMC","{8681E84B-1467-487D-9B5A-1D35E012C7BA}"
114,"SMC00318","2019-08-07 00:00:00","7.00000000","-88.00000000","","checker","2020-02-21 11:02:08","checker","2020-02-21 11:02:08","pauls@sccwrp.org","ABCL","LARWMP","2019","SMC","{31FD2450-E90A-4109-8662-E7928A62BB11}"
115,"907M23405","2019-05-20 00:00:00","2.00000000","2.00000000","","checker","2020-02-21 11:24:54","checker","2020-02-21 11:24:54","pauls@sccwrp.org","AMEC","SDCDPW","2019","SMC","{FC67E488-9A04-40B2-8219-13CC17D67E79}"
116,"909WE0662","2019-06-10 00:00:00","1.00000000","1.00000000","In national forest, off trail, very little visitation","checker","2020-02-21 11:43:55","checker","2020-02-21 11:43:55","pauls@sccwrp.org","AMEC","SDCDPW","2019","SMC","{681A90B6-B992-4AB3-812C-8762AC4E499D}"
117,"909M24951","2019-04-30 00:00:00","1.00000000","1.00000000","","checker","2020-02-21 11:43:55","checker","2020-02-21 11:43:55","pauls@sccwrp.org","AMEC","SDCDPW","2019","SMC","{9AE4197C-628F-4A6F-95A3-90393F67D0A6}"
118,"908M24952","2019-05-28 00:00:00","8.00000000","8.00000000","","checker","2020-02-21 11:43:55","checker","2020-02-21 11:43:55","pauls@sccwrp.org","AMEC","SDCDPW","2019","SMC","{80605D3A-F148-4C33-B374-9420C1DCBC5B}"
119,"909M24953","2019-04-30 00:00:00","1.00000000","1.00000000","","checker","2020-02-21 11:43:55","checker","2020-02-21 11:43:55","pauls@sccwrp.org","AMEC","SDCDPW","2019","SMC","{C1D5D723-64B2-4279-9623-B19489823B0A}"
120,"SMC01097","2019-05-09 00:00:00","2.00000000","3.00000000","","checker","2020-02-21 11:45:50","checker","2020-02-21 11:45:50","pauls@sccwrp.org","AMEC","RCFC","2019","SMC","{FC9DA80D-B961-408E-AFF0-538D1F4FC3EF}"
121,"902M18909","2019-05-09 00:00:00","2.00000000","2.00000000","","checker","2020-02-21 11:45:50","checker","2020-02-21 11:45:50","pauls@sccwrp.org","AMEC","RCFC","2019","SMC","{AC46975D-098D-43F2-8AFF-723322FFA31E}"
122,"905PS0026","2019-05-07 00:00:00","1.00000000","1.00000000","","checker","2020-02-21 12:17:28","checker","2020-02-21 12:17:28","pauls@sccwrp.org","AMEC","SDCDPW","2019","SMC","{891970B7-B305-4795-B253-E9D78BEF04BF}"
123,"906M21774","2019-05-07 00:00:00","1.00000000","1.00000000","","checker","2020-02-21 12:17:28","checker","2020-02-21 12:17:28","pauls@sccwrp.org","AMEC","SDCDPW","2019","SMC","{BECFCA5D-938B-4EE2-9A51-6646A147B32A}"
124,"901M14145","2019-06-27 00:00:00","3.00000000","3.00000000","","checker","2020-02-25 11:01:33","checker","2020-02-25 11:01:33","pauls@sccwrp.org","ABCL","OCWMPU","2019","SMC","{6C801A17-7440-405D-9DF4-40CCA23279D6}"
125,"SMC00206","2019-06-04 00:00:00","1.00000000","-88.00000000","","checker","2020-02-25 11:01:33","checker","2020-02-25 11:01:33","pauls@sccwrp.org","ABCL","OCWMPU","2019","SMC","{5ABB1C3F-C92D-417F-B93C-F21A726C16DD}"
126,"901M14149","2019-05-29 00:00:00","1.00000000","-88.00000000","","checker","2020-02-25 11:01:33","checker","2020-02-25 11:01:33","pauls@sccwrp.org","ABCL","OCWMPU","2019","SMC","{EB2FF460-6E14-4C4C-89FC-18AB2E918187}"
127,"SMC00873","2019-05-10 00:00:00","2.00000000","2.00000000","","checker","2020-02-25 11:01:33","checker","2020-02-25 11:01:33","pauls@sccwrp.org","ABCL","OCWMPU","2019","SMC","{4D9DC516-CAA7-4503-A287-1D54F23232DE}"
128,"SMC00702","2019-06-06 00:00:00","4.00000000","-88.00000000","","checker","2020-02-25 11:01:33","checker","2020-02-25 11:01:33","pauls@sccwrp.org","ABCL","OCWMPU","2019","SMC","{60273ECE-3BFA-4A43-B632-EE24C370AB10}"
129,"SMC01726","2019-06-06 00:00:00","7.00000000","-88.00000000","","checker","2020-02-25 11:01:33","checker","2020-02-25 11:01:33","pauls@sccwrp.org","ABCL","OCWMPU","2019","SMC","{0D7126D7-18BA-49FA-82F6-4F3528801388}"
130,"845PS0011","2019-06-06 00:00:00","2.00000000","-88.00000000","","checker","2020-02-25 11:01:33","checker","2020-02-25 11:01:33","pauls@sccwrp.org","ABCL","OCWMPU","2019","SMC","{A65157E0-4B70-4441-A213-65658211758F}"
131,"801M12684","2019-06-04 00:00:00","8.00000000","-88.00000000","","checker","2020-02-25 11:01:33","checker","2020-02-25 11:01:33","pauls@sccwrp.org","ABCL","OCWMPU","2019","SMC","{819B6698-5540-4297-B6E0-CB5E61DEE508}"
132,"SMC00105","2019-05-10 00:00:00","1.00000000","-88.00000000","","checker","2020-02-25 11:01:33","checker","2020-02-25 11:01:33","pauls@sccwrp.org","ABCL","OCWMPU","2019","SMC","{2F3CE87A-AC0C-4A4F-9F20-B4A0302A30B0}"
133,"801M12678","2019-04-25 00:00:00","1.00000000","-88.00000000","","checker","2020-02-25 11:01:33","checker","2020-02-25 11:01:33","pauls@sccwrp.org","ABCL","OCWMPU","2019","SMC","{C495491A-D5DB-400B-BB7C-681D5B4E2489}"
134,"801M12675","2019-04-23 00:00:00","6.00000000","-88.00000000","","checker","2020-02-25 11:01:33","checker","2020-02-25 11:01:33","pauls@sccwrp.org","ABCL","OCWMPU","2019","SMC","{8A0C0337-18BD-4536-9D3A-D60E6306BE27}"
135,"SMC00544","2019-06-27 00:00:00","2.00000000","-88.00000000","","checker","2020-02-25 11:04:25","checker","2020-02-25 11:04:25","pauls@sccwrp.org","ABCL","SGRRMP","2019","SMC","{93930915-7CEF-48DB-A022-4F7947E4F5AC}"
136,"SMC00608","2019-07-22 00:00:00","3.00000000","-88.00000000","","checker","2020-02-25 11:04:25","checker","2020-02-25 11:04:25","pauls@sccwrp.org","ABCL","SGRRMP","2019","SMC","{92C7C458-A22E-4464-BF25-5224BB7D6F4E}"
137,"SMC20032","2019-07-22 00:00:00","4.00000000","-88.00000000","","checker","2020-02-25 11:04:25","checker","2020-02-25 11:04:25","pauls@sccwrp.org","ABCL","SGRRMP","2019","SMC","{1077638C-676B-4808-8CB7-81D39B767F2E}"
138,"SMC12862","2019-07-22 00:00:00","6.00000000","-88.00000000","","checker","2020-02-25 11:04:25","checker","2020-02-25 11:04:25","pauls@sccwrp.org","ABCL","SGRRMP","2019","SMC","{3E4486DF-7199-43F0-BE95-14791282C722}"
139,"SMC03280","2019-07-24 00:00:00","4.00000000","-88.00000000","","checker","2020-02-25 11:04:25","checker","2020-02-25 11:04:25","pauls@sccwrp.org","ABCL","SGRRMP","2019","SMC","{F92AAD60-9516-4721-8CE7-F3675E73949B}"
140,"SMC03216","2019-07-24 00:00:00","4.00000000","-88.00000000","","checker","2020-02-25 11:04:25","checker","2020-02-25 11:04:25","pauls@sccwrp.org","ABCL","SGRRMP","2019","SMC","{B61B7B28-B3BD-4971-932C-EA64AEB186A7}"
141,"405CE0280","2019-08-05 00:00:00","1.00000000","-88.00000000","","checker","2020-02-25 11:04:25","checker","2020-02-25 11:04:25","pauls@sccwrp.org","ABCL","SGRRMP","2019","SMC","{DB340770-496E-4115-9685-7CB4F71150AE}"
142,"SMC01260","2019-08-05 00:00:00","3.00000000","-88.00000000","","checker","2020-02-25 11:04:25","checker","2020-02-25 11:04:25","pauls@sccwrp.org","ABCL","SGRRMP","2019","SMC","{2BCAD6DD-87EE-4FDA-9B39-3EC8EAC46FC5}"
143,"SMC00686","2019-08-07 00:00:00","1.00000000","-88.00000000","","checker","2020-02-25 11:04:25","checker","2020-02-25 11:04:25","pauls@sccwrp.org","ABCL","SGRRMP","2019","SMC","{F7763641-E4C6-453A-8BD1-EE43E13EF10C}"
144,"SMC01248","2019-08-08 00:00:00","1.00000000","-88.00000000","","checker","2020-02-25 11:04:25","checker","2020-02-25 11:04:25","pauls@sccwrp.org","ABCL","SGRRMP","2019","SMC","{08C8E98E-B739-49D1-B2A6-995C6B082263}"
145,"SMC03452","2019-08-15 00:00:00","1.00000000","-88.00000000","","checker","2020-02-25 11:04:25","checker","2020-02-25 11:04:25","pauls@sccwrp.org","ABCL","SGRRMP","2019","SMC","{7E57A362-1DF8-4C68-898A-ABAAC79CB6CE}"
146,"408M03100","2019-05-09 00:00:00","4.00000000","-88.00000000","","checker","2020-02-25 11:17:43","checker","2020-02-25 11:17:43","pauls@sccwrp.org","ABCL","VCWPD","2019","SMC","{B3A3C676-5A2B-4912-92CF-48F89B3C205E}"
147,"404M04674","2019-05-09 00:00:00","2.00000000","-88.00000000","","checker","2020-02-25 11:17:43","checker","2020-02-25 11:17:43","pauls@sccwrp.org","ABCL","VCWPD","2019","SMC","{14ACB345-34B7-4623-8098-9FD09D5B3051}"
148,"SMC00047","2019-05-15 00:00:00","2.00000000","-88.00000000","","checker","2020-02-25 11:17:43","checker","2020-02-25 11:17:43","pauls@sccwrp.org","ABCL","VCWPD","2019","SMC","{FDF5C658-218F-49B2-9FB1-ABF9EDCA5801}"
149,"403M01580","2019-05-15 00:00:00","2.00000000","-88.00000000","","checker","2020-02-25 11:17:43","checker","2020-02-25 11:17:43","pauls@sccwrp.org","ABCL","VCWPD","2019","SMC","{770C46AB-C34B-4D83-A36D-5381C783D1C5}"
150,"403M01560","2019-05-15 00:00:00","5.00000000","-88.00000000","","checker","2020-02-25 11:17:43","checker","2020-02-25 11:17:43","pauls@sccwrp.org","ABCL","VCWPD","2019","SMC","{78981D99-2885-4C87-B7F6-8124C0D82438}"
151,"402M00058","2019-06-10 00:00:00","1.00000000","-88.00000000","","checker","2020-02-25 11:17:43","checker","2020-02-25 11:17:43","pauls@sccwrp.org","ABCL","VCWPD","2019","SMC","{E469E2A7-B4B0-4A97-9D7D-18E4FFE9A978}"
152,"402M00110","2019-06-10 00:00:00","2.00000000","-88.00000000","","checker","2020-02-25 11:17:43","checker","2020-02-25 11:17:43","pauls@sccwrp.org","ABCL","VCWPD","2019","SMC","{81C611A9-4B5C-4082-92B0-A51388C94B6C}"
153,"402M00127","2019-06-10 00:00:00","4.00000000","-88.00000000","","checker","2020-02-25 11:17:43","checker","2020-02-25 11:17:43","pauls@sccwrp.org","ABCL","VCWPD","2019","SMC","{332D14E6-DD3D-4EF9-BA96-DEB97F873101}"
154,"SMC00660","2019-06-17 00:00:00","2.00000000","-88.00000000","","checker","2020-02-25 11:17:43","checker","2020-02-25 11:17:43","pauls@sccwrp.org","ABCL","VCWPD","2019","SMC","{4D42A998-9DD8-4BEF-88BF-0211894D7DBB}"
155,"408M03051","2019-06-17 00:00:00","3.00000000","-88.00000000","","checker","2020-02-25 11:17:43","checker","2020-02-25 11:17:43","pauls@sccwrp.org","ABCL","VCWPD","2019","SMC","{7990A156-CD20-4087-B52E-4135B5723503}"
156,"ME-SCR2","2019-06-17 00:00:00","2.00000000","-88.00000000","","checker","2020-02-25 11:17:43","checker","2020-02-25 11:17:43","pauls@sccwrp.org","ABCL","VCWPD","2019","SMC","{B3DE9B51-B7B5-403F-B542-50FD8ECDB808}"
157,"SMC00027","2019-06-18 00:00:00","1.00000000","-88.00000000","","checker","2020-02-25 11:17:43","checker","2020-02-25 11:17:43","pauls@sccwrp.org","ABCL","VCWPD","2019","SMC","{5D5A5E2B-79AD-422F-9BF2-639165989318}"
158,"403M01571","2019-06-19 00:00:00","1.00000000","-88.00000000","","checker","2020-02-25 11:17:43","checker","2020-02-25 11:17:43","pauls@sccwrp.org","ABCL","VCWPD","2019","SMC","{772E682E-E3A8-4D58-AABC-5579890E80E6}"
159,"SMC00271","2019-06-19 00:00:00","1.00000000","-88.00000000","","checker","2020-02-25 11:17:43","checker","2020-02-25 11:17:43","pauls@sccwrp.org","ABCL","VCWPD","2019","SMC","{67DD12DF-8BC3-4F66-B671-F61B0A8A3380}"
160,"SMC00836","2019-07-25 00:00:00","3.00000000","-88.00000000","","checker","2020-02-25 11:17:43","checker","2020-02-25 11:17:43","pauls@sccwrp.org","ABCL","VCWPD","2019","SMC","{B89BAE9B-431B-432E-9649-A660562647BD}"
161,"408M03111","2019-07-25 00:00:00","1.00000000","-88.00000000","","checker","2020-02-25 11:17:43","checker","2020-02-25 11:17:43","pauls@sccwrp.org","ABCL","VCWPD","2019","SMC","{04589D8E-1BAB-44D1-9CEA-EB26751FA62D}"
162,"ME-CC","2019-07-25 00:00:00","2.00000000","-88.00000000","","checker","2020-02-25 11:17:43","checker","2020-02-25 11:17:43","pauls@sccwrp.org","ABCL","VCWPD","2019","SMC","{B954C8FC-6EBC-4A45-85CF-A55BF5EB18F9}"
163,"ME-VR2","2019-07-31 00:00:00","2.00000000","-88.00000000","","checker","2020-02-25 11:17:43","checker","2020-02-25 11:17:43","pauls@sccwrp.org","ABCL","VCWPD","2019","SMC","{43B4875D-5F7B-4F7B-A61A-A0DA394708F1}"
164,"906M23361","2019-04-29 00:00:00","2.00000000","2.00000000","","checker","2020-02-25 11:20:35","checker","2020-02-25 11:20:35","pauls@sccwrp.org","AMEC","SDCDPW","2019","SMC","{8D6EF9E4-D9D4-4FA1-82E9-AEBCCCF0722F}"
165,"906M23380","2019-06-04 00:00:00","4.00000000","4.00000000","","checker","2020-02-25 11:20:35","checker","2020-02-25 11:20:35","pauls@sccwrp.org","AMEC","SDCDPW","2019","SMC","{A40E74CE-8D9A-44D2-8DE6-0B4DC0C6294D}"
