"objectid","stationid","sampledate","starttime","endtime","latitude","longitude","datum","fieldcrew","river_sitedescription","watershed","leftbankaccess","rightbankaccess","channeltype","sitetype","streamflowing","reachlength","wettedwidth_a","wettedwidth_b","wettedwidth_c","bankfullwidth_a","bankfullwidth_b","bankfullwidth_c","trashpickedup","numberoutfalls_18_24","numberoutfalls_25_36","numberoutfalls_37_48","numberoutfalls_greater48","trashatoutfalls","amountoftrash","homelessencampment","comments","globalid","created_user","created_date","last_edited_user","last_edited_date","login_email","login_project","login_year","login_agency","login_owner"
1,"402M00066","2018-07-23 00:00:00","00:00","00:00","34.29588000","-119.30627000","WGS84","Brianna Jones, Kelly Hahs","Ventura River","Ventura","Moderate","Hard","Natural","Probabilistic","Yes","30.00000000","6.30000000","6.70000000","5.20000000","14.30000000","7.50000000","9.70000000","No","0.00000000","0.00000000","0.00000000","0.00000000","NA","NA","No","","{A0C44E78-4E06-4622-9B6D-1362D16621B8}","checker","2020-02-19 07:10:17","checker","2020-02-19 07:10:17","pauls@sccwrp.org","SMC","2019","ABCL","Carlsbad_WMA"
2,"402M00082","2018-07-23 00:00:00","00:00","00:00","34.28702000","-119.30888000","WGS84","Brianna Jones, Kelly Hahs","Ventura River","Ventura","Moderate","Hard","Natural","Probabilistic","Yes","30.00000000","9.30000000","9.80000000","10.00000000","10.80000000","14.80000000","12.00000000","No","0.00000000","0.00000000","0.00000000","0.00000000","NA","NA","No","Regularly cleaned up","{A727A6B0-6D6B-42A6-B6F8-9EE33BEA41DB}","checker","2020-02-19 07:10:17","checker","2020-02-19 07:10:17","pauls@sccwrp.org","SMC","2019","ABCL","Carlsbad_WMA"
3,"402M00114","2018-06-14 00:00:00","08:40","08:50","34.41651000","-119.37159000","WGS84","Brianna Jones, Kelly Hahs","Coyote Creek","Ventura","Hard","Hard","Natural","Probabilistic","Yes","30.00000000","1.43000000","1.10000000","2.12000000","12.00000000","9.00000000","9.50000000","No","0.00000000","0.00000000","0.00000000","0.00000000","NA","NA","No","","{AF8F53FC-943A-4F2F-A631-917897B2313F}","checker","2020-02-19 07:10:17","checker","2020-02-19 07:10:17","pauls@sccwrp.org","SMC","2019","ABCL","Carlsbad_WMA"
4,"403M01565","2018-06-13 00:00:00","11:45","12:00","34.37854000","-119.06269000","WGS84","Karin Wisenbaker, Noel DeJesus, Kelly Hahs","Santa Paula Creek","Santa Clara","Hard","Hard","Natural","Probabilistic","Yes","30.00000000","2.00000000","3.24000000","3.35000000","9.00000000","7.40000000","7.00000000","No","0.00000000","0.00000000","0.00000000","0.00000000","NA","NA","No","","{D8D6EF46-42D2-4CF7-8B8A-DB06741DE023}","checker","2020-02-19 07:10:17","checker","2020-02-19 07:10:17","pauls@sccwrp.org","SMC","2019","ABCL","Carlsbad_WMA"
5,"403M01626","2018-06-13 00:00:00","08:00","08:15","34.43706000","-119.08643000","WGS84","Karin Wisenbaker, Noel DeJesus, Kelly Hahs","Santa Paula Creek","Santa Clara","Easy","Easy","Natural","Probabilistic","Yes","30.00000000","4.04000000","3.68000000","2.50000000","7.00000000","8.50000000","9.50000000","No","0.00000000","0.00000000","0.00000000","0.00000000","NA","NA","No","No trash","{AB33203F-6D3E-4E13-AFFF-8B07B1BB458A}","checker","2020-02-19 07:10:17","checker","2020-02-19 07:10:17","pauls@sccwrp.org","SMC","2019","ABCL","Carlsbad_WMA"
6,"403M05798","2018-05-15 00:00:00","00:00","00:00","34.36330000","-118.42772000","NAD83","DO/NC","Placerita Canyon Tributary","Santa Clara","Moderate","Moderate","Natural","Probabilistic","Yes","30.00000000","0.50000000","0.70000000","0.80000000","5.20000000","4.30000000","3.80000000","No","0.00000000","0.00000000","0.00000000","0.00000000","NA","<10","No","","{9234CFD4-06BB-4BD0-86A7-D6BAC3B6DD6E}","checker","2020-02-19 07:10:17","checker","2020-02-19 07:10:17","pauls@sccwrp.org","SMC","2019","ABCL","Carlsbad_WMA"
7,"403M05800","2018-05-16 00:00:00","00:00","00:00","34.52695000","-118.52677000","NAD83","DO/NC","Drinkwater Canyon","Santa Clara","Moderate","Moderate","Concrete/Earthen","Probabilistic","Yes","30.00000000","1.20000000","1.40000000","2.40000000","4.50000000","2.30000000","3.70000000","No","0.00000000","0.00000000","0.00000000","0.00000000","NA","<10","No","","{E9FCAD56-3A1C-49A9-9BF4-AFCBB0F35543}","checker","2020-02-19 07:10:17","checker","2020-02-19 07:10:17","pauls@sccwrp.org","SMC","2019","ABCL","Carlsbad_WMA"
8,"403WE0682","2018-06-05 00:00:00","10:00","00:00","34.56862000","-118.39258000","WGS84","Billy Jakl","","Santa Clara","NR","","NR","Probabilistic","Yes","-88.00000000","-88.00000000","-88.00000000","-88.00000000","-88.00000000","-88.00000000","-88.00000000","No","-88.00000000","-88.00000000","-88.00000000","-88.00000000","","","","","{2825172D-E0E2-4D26-89D3-DF4D8ABCBA74}","checker","2020-02-19 07:10:17","checker","2020-02-19 07:10:17","pauls@sccwrp.org","SMC","2019","ABCL","Carlsbad_WMA"
9,"403WE0683","2018-06-05 00:00:00","15:00","00:00","34.44038000","-119.07685000","WGS84","Billy Jakl","","Santa Clara","NR","","NR","Probabilistic","Yes","30.00000000","7.80000000","-88.00000000","-88.00000000","-88.00000000","-88.00000000","-88.00000000","No","-88.00000000","-88.00000000","-88.00000000","-88.00000000","","","","","{B868CAF2-8434-4B9E-A84A-6AD73EBF1B65}","checker","2020-02-19 07:10:17","checker","2020-02-19 07:10:17","pauls@sccwrp.org","SMC","2019","ABCL","Carlsbad_WMA"
10,"404M04624","2018-06-19 00:00:00","08:00","08:15","34.17964000","-118.78851000","WGS84","Alexis Wallengren, Kelly Hahs, Bill","Lindero Creek","Santa Monica Bay","Easy","Easy","Natural","Probabilistic","Yes","30.00000000","5.00000000","2.90000000","0.40000000","7.00000000","4.00000000","3.50000000","No","0.00000000","0.00000000","0.00000000","0.00000000","NA","NA","No","","{E33192C4-138F-499B-A3C9-E7ED85A2623E}","checker","2020-02-19 07:10:17","checker","2020-02-19 07:10:17","pauls@sccwrp.org","SMC","2019","ABCL","Carlsbad_WMA"
11,"404M07364","2018-06-21 00:00:00","00:00","00:00","34.09696000","-118.71764000","NAD83","DO/NC","Las Virgenes Creek","Santa Clara","Moderate","Easy","Natural","Probabilistic","Yes","30.00000000","4.00000000","4.20000000","2.50000000","6.50000000","5.70000000","4.80000000","No","0.00000000","0.00000000","0.00000000","0.00000000","NA","<10","No","","{0B2C308E-60CA-4D88-9596-6052567AB73A}","checker","2020-02-19 07:10:17","checker","2020-02-19 07:10:17","pauls@sccwrp.org","SMC","2019","ABCL","Carlsbad_WMA"
12,"404M07365","2018-06-27 00:00:00","00:00","00:00","34.04056000","-118.51538000","NAD83","DO/NC","Rustic Creek","Santa Monica Bay","Hard","Hard","Earthen","Probabilistic","Yes","30.00000000","4.70000000","2.70000000","1.20000000","4.80000000","4.80000000","4.80000000","No","0.00000000","0.00000000","0.00000000","0.00000000","NA","<10","No","","{AA49FDBC-D8E6-483C-AF3F-2935E18B72EC}","checker","2020-02-19 07:10:17","checker","2020-02-19 07:10:17","pauls@sccwrp.org","SMC","2019","ABCL","Carlsbad_WMA"
13,"404M07368","2018-06-20 00:00:00","00:00","00:00","34.12507000","-118.75280000","NAD83","DO/NC","Medea Creek","Santa Monica Bay","Moderate","Moderate","Natural","Probabilistic","Yes","30.00000000","7.90000000","8.30000000","6.90000000","8.90000000","9.80000000","8.40000000","No","0.00000000","0.00000000","0.00000000","0.00000000","NA","<10","No","","{B6A27A17-6DA6-4E81-BDFD-D392778ACB21}","checker","2020-02-19 07:10:17","checker","2020-02-19 07:10:17","pauls@sccwrp.org","SMC","2019","ABCL","Carlsbad_WMA"
14,"405CE0280","2018-07-02 00:00:00","08:18","09:12","34.23186000","-117.74841000","WGS84","Karin Wisenbaker, Alexis Wallengren","Cattle Canyon","San Gabriel","Moderate","Moderate","Natural","Probabilistic","Yes","30.00000000","2.05000000","2.60000000","1.62000000","7.50000000","5.85000000","-99.00000000","No","0.00000000","0.00000000","0.00000000","0.00000000","NA","NA","No","","{D2C8DDAB-AF35-465F-B410-93559A064251}","checker","2020-02-19 07:10:17","checker","2020-02-19 07:10:17","pauls@sccwrp.org","SMC","2019","ABCL","Carlsbad_WMA"
15,"408BA0660","2018-06-11 00:00:00","08:21","08:24","34.26793000","-118.93851000","WGS84","Karin Wisenbaker, Lara","Arroyo Los Posas","Calleguas","Hard","Hard","Concrete/Earthen","Probabilistic","Yes","30.00000000","12.80000000","13.00000000","12.50000000","20.00000000","20.00000000","20.00000000","No","0.00000000","0.00000000","0.00000000","0.00000000","NA","NA","No","Too overgrown to get","{A7BB6714-6206-459E-8368-307AF2FB9BC5}","checker","2020-02-19 07:10:17","checker","2020-02-19 07:10:17","pauls@sccwrp.org","SMC","2019","ABCL","Carlsbad_WMA"
16,"408M03115","2018-06-19 00:00:00","11:35","11:50","34.26757000","-118.94305000","WGS84","Alexis Wallengren, Kelly Hahs, Bill","Arroyo Los Posas","Calleguas","Hard","Hard","Natural","Probabilistic","Yes","30.00000000","5.00000000","7.20000000","5.00000000","9.00000000","8.50000000","7.50000000","No","0.00000000","0.00000000","0.00000000","0.00000000","NA","NA","No","","{C3787073-AD56-4121-A665-76FF6BB75013}","checker","2020-02-19 07:10:17","checker","2020-02-19 07:10:17","pauls@sccwrp.org","SMC","2019","ABCL","Carlsbad_WMA"
17,"408M03116","2018-08-21 00:00:00","00:00","00:00","34.17128000","-119.09714000","WGS84","Karin Wisenbaker","Revolon Slough","Calleguas","Hard","Hard","Concrete/Earthen","Probabilistic","Yes","30.00000000","8.50000000","8.00000000","6.00000000","16.00000000","16.00000000","16.00000000","No","0.00000000","0.00000000","0.00000000","0.00000000","NA","NA","No","","{72B727D4-BCBB-42BF-A4A2-39179DD4DB61}","checker","2020-02-19 07:10:17","checker","2020-02-19 07:10:17","pauls@sccwrp.org","SMC","2019","ABCL","Carlsbad_WMA"
18,"408M03119","2018-06-28 00:00:00","00:00","00:00","34.22748000","-118.97387000","WGS84","Brianna Jones, Kelly Hahs","Conejo Creek","Calleguas","Hard","Hard","Natural","Probabilistic","Yes","30.00000000","19.50000000","21.00000000","14.50000000","20.00000000","22.00000000","15.50000000","No","0.00000000","0.00000000","0.00000000","0.00000000","NA","NA","No","Overgrown with Arundo; banks not easily accessible; did not see any trash","{4D4BD4F9-A1A6-4A07-8B8F-0676475688B9}","checker","2020-02-19 07:10:17","checker","2020-02-19 07:10:17","pauls@sccwrp.org","SMC","2019","ABCL","Carlsbad_WMA"
19,"410M01628","2018-06-28 00:00:00","14:45","15:05","34.16241000","-119.16633000","WGS84","Brianna Jones, Joe","NA","Santa Clara","Hard","Hard","Concrete","Probabilistic","Yes","30.00000000","3.90000000","4.40000000","4.10000000","4.90000000","4.90000000","4.90000000","No","0.00000000","0.00000000","0.00000000","0.00000000","NA","NA","No","","{0DAE8DC8-6AFF-478E-A2C0-A440947FA0E0}","checker","2020-02-19 07:10:17","checker","2020-02-19 07:10:17","pauls@sccwrp.org","SMC","2019","ABCL","Carlsbad_WMA"
20,"412CE0232","2018-05-30 00:00:00","08:43","09:09","34.15823000","-118.45476000","WGS84","Karin Wisenbaker, Brianna Jones, Ken Franklin","Los Angeles River","Los Angeles","Hard","Hard","Concrete","Probabilistic","Yes","30.00000000","14.75000000","12.50000000","11.00000000","15.00000000","15.00000000","15.00000000","Yes","0.00000000","0.00000000","0.00000000","0.00000000","NA","NA","No","","{CA74D96B-1AF3-4225-8378-9BC9CD2383D9}","checker","2020-02-19 07:10:17","checker","2020-02-19 07:10:17","pauls@sccwrp.org","SMC","2019","ABCL","Carlsbad_WMA"
21,"412M08599","2018-06-20 00:00:00","11:20","11:40","34.10710000","-118.24540000","WGS84","Brianna Jones, Ken Franklin","Los Angeles River","Los Angeles","Moderate","Easy","Concrete/Earthen","Probabilistic","Yes","30.00000000","17.00000000","14.00000000","15.00000000","18.80000000","16.20000000","16.70000000","No","0.00000000","0.00000000","0.00000000","0.00000000","NA","NA","No","","{D110A23B-0F2A-49B1-AA6D-F07FEB905FB5}","checker","2020-02-19 07:10:17","checker","2020-02-19 07:10:17","pauls@sccwrp.org","SMC","2019","ABCL","Carlsbad_WMA"
83,"SMC09698","2018-06-05 00:00:00","11:30","11:45","34.74590000","-116.70739000","NAD83","DO/NC","Strawberry Creek","Santa Ana","Easy","Easy","Natural","Targeted","Yes","30.00000000","2.40000000","1.50000000","1.30000000","4.50000000","3.90000000","3.20000000","No","0.00000000","0.00000000","0.00000000","0.00000000","NA","<10","No","","{0539211F-2D92-44AF-8ADE-79D702FBB1D2}","checker","2020-02-19 07:10:17","checker","2020-02-19 07:10:17","pauls@sccwrp.org","SMC","2019","ABCL","Carlsbad_WMA"
22,"412M08637","2018-05-30 00:00:00","11:57","00:00","34.22124000","-118.54614000","WGS84","Karin Wisenbaker, Brianna Jones, Ken Franklin","Aliso Canyon Wash","Los Angeles","Hard","Hard","Concrete","Probabilistic","Yes","30.00000000","1.80000000","1.80000000","1.80000000","15.00000000","15.00000000","15.00000000","Yes","0.00000000","0.00000000","0.00000000","0.00000000","NA","NA","No","","{0C540E1B-7DD6-4B67-83BB-E52F4C45E451}","checker","2020-02-19 07:10:17","checker","2020-02-19 07:10:17","pauls@sccwrp.org","SMC","2019","ABCL","Carlsbad_WMA"
23,"412M08641","2018-06-20 00:00:00","10:00","10:23","34.04861000","-118.22980000","WGS84","Brianna Jones, Ken Franklin","Los Angeles River","Los Angeles","Moderate","Hard","Concrete","Probabilistic","Yes","30.00000000","6.00000000","6.00000000","6.00000000","60.00000000","60.00000000","60.00000000","No","1.00000000","0.00000000","0.00000000","0.00000000","Yes","<100","No","Fence broken on left bank - easier access; homeless encampment upstream >200m","{7E0570AA-97B4-4AA1-93D3-7894CF2967DB}","checker","2020-02-19 07:10:17","checker","2020-02-19 07:10:17","pauls@sccwrp.org","SMC","2019","ABCL","Carlsbad_WMA"
24,"412M08643","2018-05-23 00:00:00","09:45","10:10","33.80969000","-118.20509000","WGS84","Brianna Jones, Ken Franklin, Alexis Wallengren","Los Angeles River","Los Angeles","Easy","Easy","Concrete","Probabilistic","Yes","30.00000000","95.00000000","95.00000000","92.50000000","96.00000000","96.00000000","96.00000000","No","0.00000000","0.00000000","0.00000000","0.00000000","NA","NA","NA","","{7C75F5F9-4CC1-418F-BD47-BEC98CA21A0A}","checker","2020-02-19 07:10:17","checker","2020-02-19 07:10:17","pauls@sccwrp.org","SMC","2019","ABCL","Carlsbad_WMA"
25,"412WE0552","2018-08-02 00:00:00","11:15","00:00","34.23609000","-118.18102000","WGS84","Karin Wisenbaker, Noel DeJesus","Arroyo Seco","Los Angeles","Moderate","Hard","Natural","Probabilistic","Yes","30.00000000","1.72000000","1.34000000","1.60000000","8.50000000","10.00000000","16.00000000","No","0.00000000","0.00000000","0.00000000","0.00000000","NA","NA","No","No trash in 30 m reach","{A78AB43E-3E0F-4FD1-A257-66B280CD8DFC}","checker","2020-02-19 07:10:17","checker","2020-02-19 07:10:17","pauls@sccwrp.org","SMC","2019","ABCL","Carlsbad_WMA"
26,"801M12672","2018-04-26 00:00:00","11:00","11:17","33.79779000","-117.94820400","WGS84","Orange County Public Works, Aquatic Bioassay & Consulting Labratories, Inc","Anaheim-Barber City Channel","Anaheim Bay","Easy","Easy","Concrete","Probabilistic","Yes","30.00000000","1.10000000","0.84000000","0.86000000","3.66000000","3.66000000","3.66000000","No","0.00000000","0.00000000","0.00000000","0.00000000","NA","NA","No","Trash accumulation downstream at bridge","{4283F58D-4457-4DC1-9DDA-8A2A7CA33324}","checker","2020-02-19 07:10:17","checker","2020-02-19 07:10:17","pauls@sccwrp.org","SMC","2019","ABCL","Carlsbad_WMA"
27,"801M12673","2018-04-30 00:00:00","12:20","12:50","33.60491000","-117.85297000","WGS84","Orange County Public Works, Aquatic Bioassay & Consulting Labratories, Inc","Buck Gully","Newport Bay","Moderate","Moderate","Natural","Probabilistic","Yes","30.00000000","1.44000000","2.00000000","1.50000000","2.04000000","2.30000000","2.30000000","No","0.00000000","0.00000000","0.00000000","0.00000000","NA","NA","No","","{2EE7626C-F641-4DD8-98A2-8B196F1815B1}","checker","2020-02-19 07:10:17","checker","2020-02-19 07:10:17","pauls@sccwrp.org","SMC","2019","ABCL","Carlsbad_WMA"
28,"801M12674","2018-04-26 00:00:00","08:50","09:05","33.73050000","-117.79682000","WGS84","Orange County Public Works, Aquatic Bioassay & Consulting Labratories, Inc","El Modena Channel","Newport Bay","Easy","Easy","Concrete","Probabilistic","Yes","30.00000000","1.36000000","1.26000000","1.16000000","7.80000000","7.80000000","7.80000000","No","1.00000000","0.00000000","0.00000000","0.00000000","Yes","<10","No","Outfall downstream of AA; Outfall upstream of AA, box with 54"" and 18"" pipes","{9B0B3FDF-615B-40FE-B62A-28B2CD5BD5FB}","checker","2020-02-19 07:10:17","checker","2020-02-19 07:10:17","pauls@sccwrp.org","SMC","2019","ABCL","Carlsbad_WMA"
29,"801M16973","2018-06-06 00:00:00","13:00","13:20","33.93472000","-117.34532000","NAD83","DO/NC","Tequesquite Arroyo","Santa Ana","Easy","Easy","Natural","Probabilistic","Yes","30.00000000","2.30000000","1.40000000","2.50000000","3.80000000","4.50000000","4.60000000","No","0.00000000","0.00000000","0.00000000","0.00000000","NA","<50","No","","{43376739-78A4-4210-869C-28B5B43D6750}","checker","2020-02-19 07:10:17","checker","2020-02-19 07:10:17","pauls@sccwrp.org","SMC","2019","ABCL","Carlsbad_WMA"
30,"801M16976","2018-06-06 00:00:00","08:00","08:30","34.01584000","-117.37031000","NAD83","DO/NC","Santa Ana River","Santa Ana","Moderate","Moderate","Natural","Probabilistic","Yes","30.00000000","9.00000000","7.70000000","6.40000000","19.50000000","15.00000000","17.40000000","No","0.00000000","0.00000000","0.00000000","0.00000000","NA","<100","No","","{47A52FA8-01CF-4637-B9CE-E8C72ABDC26C}","checker","2020-02-19 07:10:17","checker","2020-02-19 07:10:17","pauls@sccwrp.org","SMC","2019","ABCL","Carlsbad_WMA"
31,"845PS0011","2018-06-12 00:00:00","10:25","10:51","33.88054000","-117.89743000","WGS84","Orange County Public Works, Aquatic Bioassay & Consulting Labratories, Inc","Fullerton Creek","San Gabriel","Easy","Easy","Concrete","Unknown","Yes","30.00000000","1.72000000","2.40000000","1.60000000","5.50000000","5.50000000","5.50000000","No","0.00000000","0.00000000","0.00000000","0.00000000","NA","NA","No","","{F32AA56B-CDB6-4B14-93A2-C908DE305726}","checker","2020-02-19 07:10:17","checker","2020-02-19 07:10:17","pauls@sccwrp.org","SMC","2019","ABCL","Carlsbad_WMA"
32,"901M14141","2018-04-30 00:00:00","09:33","09:49","33.52171000","-117.62216000","WGS84","Orange County Public Works, Aquatic Bioassay & Consulting Labratories, Inc","San Juan Creek","San Juan Creek","Easy","Easy","Natural","Probabilistic","Yes","30.00000000","15.50000000","13.00000000","12.50000000","19.00000000","16.50000000","13.60000000","Yes","0.00000000","0.00000000","0.00000000","0.00000000","NA","NA","No","","{D586CDD6-5574-4D4F-83F4-166CB1D7D7A5}","checker","2020-02-19 07:10:17","checker","2020-02-19 07:10:17","pauls@sccwrp.org","SMC","2019","ABCL","Carlsbad_WMA"
33,"901M14142","2018-05-31 00:00:00","12:20","12:51","33.62131000","-117.68977000","WGS84","Orange County Public Works, Aquatic Bioassay & Consulting Labratories, Inc","Aliso Creek","Aliso-San Onofre","Easy","Easy","Natural","Probabilistic","Yes","30.00000000","4.25000000","2.10000000","4.60000000","7.25000000","8.00000000","8.60000000","No","0.00000000","0.00000000","0.00000000","0.00000000","NA","NA","No","","{017C11CE-338B-4186-AEAA-8D0DD9E333AF}","checker","2020-02-19 07:10:17","checker","2020-02-19 07:10:17","pauls@sccwrp.org","SMC","2019","ABCL","Carlsbad_WMA"
34,"902M18901","2018-05-01 00:00:00","11:15","11:30","33.49624000","-117.20414000","WGS84","John Rudolph, Bill Isham, Stephen Campbell","Unnamed Creek","Santa Margarita","Easy","Easy","Natural","Probabilistic","Yes","30.00000000","3.10000000","2.50000000","2.50000000","3.60000000","2.90000000","3.50000000","Yes","0.00000000","0.00000000","0.00000000","0.00000000","No","NA","No","","{6AFF85BE-7491-4DB6-8523-2337F9F9DCFA}","checker","2020-02-19 07:10:17","checker","2020-02-19 07:10:17","pauls@sccwrp.org","SMC","2019","ABCL","Carlsbad_WMA"
35,"902WE0888","2018-05-17 00:00:00","12:15","12:35","33.45432000","-117.30237000","NAD83","DO/NC/KC","De Luz Creek","Santa Margarita","Moderate","Moderate","Natural","Targeted","Yes","30.00000000","0.80000000","1.30000000","1.60000000","3.10000000","2.70000000","2.50000000","No","0.00000000","0.00000000","0.00000000","0.00000000","NA","<10","No","","{76EDC8A9-79A9-4FA7-94BC-B32DA0E6DB0A}","checker","2020-02-19 07:10:17","checker","2020-02-19 07:10:17","pauls@sccwrp.org","SMC","2019","ABCL","Carlsbad_WMA"
36,"903M20214","2018-05-08 00:00:00","15:00","15:35","33.22036000","-117.35819000","NAD83","DO/NC/KC","San Luis Rey River","San Luis Rey-Escondido","Moderate","Hard","Concrete/Earthen","Probabilistic","Yes","30.00000000","4.80000000","1.10000000","1.90000000","13.50000000","15.50000000","18.00000000","No","0.00000000","0.00000000","0.00000000","0.00000000","NA","<10","No","","{E561C85A-F1D5-4077-B733-AEF12C8AECA2}","checker","2020-02-19 07:10:17","checker","2020-02-19 07:10:17","pauls@sccwrp.org","SMC","2019","ABCL","Carlsbad_WMA"
37,"903M20230","2018-05-08 00:00:00","11:00","11:20","33.24064000","-117.32132000","NAD83","DO/NC/KC","San Luis Rey River","San Luis Rey-Escondido","Easy","Easy","Natural","Probabilistic","Yes","30.00000000","4.10000000","3.70000000","4.60000000","8.00000000","9.00000000","12.00000000","No","0.00000000","0.00000000","0.00000000","0.00000000","NA","<10","No","","{78B44CF0-5E7B-47B2-B74B-DED631BADF17}","checker","2020-02-19 07:10:17","checker","2020-02-19 07:10:17","pauls@sccwrp.org","SMC","2019","ABCL","Carlsbad_WMA"
38,"903M20235","2018-06-02 00:00:00","10:00","10:20","33.24759000","-116.78551000","NAD83","DO/NC/KC","San Luis Rey River","San Luis Rey-Escondido","Moderate","Moderate","Natural","Probabilistic","Yes","30.00000000","2.70000000","3.70000000","4.00000000","4.50000000","6.40000000","6.00000000","No","0.00000000","0.00000000","0.00000000","0.00000000","NA","<10","No","","{1BA7700D-7D80-4374-B232-65DEBC528134}","checker","2020-02-19 07:10:17","checker","2020-02-19 07:10:17","pauls@sccwrp.org","SMC","2019","ABCL","Carlsbad_WMA"
39,"904M21764","2018-04-17 00:00:00","12:10","12:30","33.20750635","-117.28072856","WGS84","John Rudolph, Tommy Arthur, Kevin Stolzenbach","Loma Alta Creek","Loma Alta Creek","Easy","Easy","Natural","Probabilistic","Yes","30.00000000","8.00000000","8.00000000","12.00000000","5.10000000","5.50000000","5.50000000","Yes","0.00000000","0.00000000","0.00000000","0.00000000","No","<50","No","","{06CC2464-47BA-467D-85F4-5435AF334BC9}","checker","2020-02-19 07:10:17","checker","2020-02-19 07:10:17","pauls@sccwrp.org","SMC","2019","ABCL","Carlsbad_WMA"
40,"904WE1125","2018-05-29 00:00:00","10:10","10:30","33.09873000","-117.12906300","WGS84","Bill Isham, Tommy Arthur, Greg McCormick","Escondido Creek","Escondido Creek","Easy","Easy","Natural","Probabilistic","Yes","30.00000000","7.00000000","7.00000000","8.00000000","1.10000000","2.50000000","3.50000000","Yes","0.00000000","0.00000000","0.00000000","0.00000000","No",">100","No","","{DABBD557-3B59-4AED-8A30-CB47814C7A87}","checker","2020-02-19 07:10:17","checker","2020-02-19 07:10:17","pauls@sccwrp.org","SMC","2019","ABCL","Carlsbad_WMA"
41,"905PS0026","2018-04-10 00:00:00","12:03","12:50","33.10685000","-116.86797000","WGS84","Bill Isham, Tommy Arthur, John Rudolph","Santa Ysabel Creek @ Pamo","San Dieguito","Easy","Easy","Natural","Probabilistic","Yes","30.00000000","0.50000000","0.40000000","2.20000000","5.20000000","6.00000000","6.20000000","NA","0.00000000","0.00000000","0.00000000","0.00000000","NA","NA","No","","{199DEB5F-5802-4C5D-B530-92A463DD6E3D}","checker","2020-02-19 07:10:17","checker","2020-02-19 07:10:17","pauls@sccwrp.org","SMC","2019","ABCL","Carlsbad_WMA"
42,"906M21754","2018-04-10 00:00:00","10:06","10:25","32.95499135","-117.17263793","WGS84","Bill Isham, Tommy Arthur, John Rudolph","Deer Canyon Creek","Los Penasquitos","Easy","Easy","Natural","Probabilistic","Yes","30.00000000","1.40000000","1.60000000","1.00000000","3.00000000","3.50000000","3.90000000","Yes","0.00000000","0.00000000","0.00000000","0.00000000","No","<10","No","","{984494D3-9D5F-4028-8E8B-6E10D7E797EF}","checker","2020-02-19 07:10:17","checker","2020-02-19 07:10:17","pauls@sccwrp.org","SMC","2019","ABCL","Carlsbad_WMA"
43,"906M21770","2018-05-29 00:00:00","13:50","14:10","32.90377000","-117.22665000","WGS84","Bill Isham, Tommy Arthur, Greg McCormick","Carroll Canyon Creek","Los Penasquitos","Easy","Easy","Natural","Probabilistic","Yes","30.00000000","1.20000000","3.50000000","6.00000000","22.00000000","22.00000000","22.00000000","Yes","0.00000000","0.00000000","0.00000000","0.00000000","No","<50","No","","{85824FDC-832C-4A79-9CCB-1EBFA88CFB41}","checker","2020-02-19 07:10:17","checker","2020-02-19 07:10:17","pauls@sccwrp.org","SMC","2019","ABCL","Carlsbad_WMA"
44,"907M23349","2018-05-09 00:00:00","11:45","12:00","32.82549000","-117.09223000","NAD83","DO/NC/KC","W. Fortuna Canyon","San Diego","Easy","Easy","Natural","Probabilistic","Yes","30.00000000","1.00000000","1.10000000","0.70000000","1.80000000","1.50000000","1.40000000","No","0.00000000","0.00000000","0.00000000","0.00000000","NA","<10","No","","{D090146D-EED3-447D-9F03-8C37E923276F}","checker","2020-02-19 07:10:17","checker","2020-02-19 07:10:17","pauls@sccwrp.org","SMC","2019","ABCL","Carlsbad_WMA"
45,"907M23367","2018-05-29 00:00:00","13:00","13:15","32.96366000","-116.66383000","NAD83","DO/NC/KC","Boulder Creek","San Diego","Easy","Easy","Natural","Probabilistic","Yes","30.00000000","2.40000000","4.10000000","3.30000000","5.50000000","7.70000000","7.70000000","No","0.00000000","0.00000000","0.00000000","0.00000000","NA","<10","No","","{A5764C29-A185-42FD-90BF-BCF84CB8391C}","checker","2020-02-19 07:10:17","checker","2020-02-19 07:10:17","pauls@sccwrp.org","SMC","2019","ABCL","Carlsbad_WMA"
46,"907M23373","2018-05-17 00:00:00","09:45","10:05","32.83791639","-117.01763973","WGS84","John Rudolph, Bill Isham, Stephen Campbell","Sycamore Creek","San Diego","Easy","Easy","Natural","Probabilistic","Yes","30.00000000","2.00000000","1.00000000","2.10000000","4.50000000","3.50000000","4.30000000","Yes","0.00000000","0.00000000","0.00000000","0.00000000","No","NA","No","","{484C8936-201E-427F-A03F-B50A61DB7807}","checker","2020-02-19 07:10:17","checker","2020-02-19 07:10:17","pauls@sccwrp.org","SMC","2019","ABCL","Carlsbad_WMA"
47,"907M23379","2018-05-30 00:00:00","13:09","13:20","33.80333000","-116.92432000","NAD83","DO/NC/KC","Forester Creek","San Diego","Moderate","Moderate","Concrete","Probabilistic","Yes","30.00000000","0.80000000","3.70000000","3.00000000","4.00000000","4.00000000","4.00000000","No","1.00000000","0.00000000","0.00000000","0.00000000","Yes","<10","Yes","","{51C32FF2-49D1-4F99-91AC-91DC64C9F8AB}","checker","2020-02-19 07:10:17","checker","2020-02-19 07:10:17","pauls@sccwrp.org","SMC","2019","ABCL","Carlsbad_WMA"
48,"909M24955","2018-04-11 00:00:00","14:35","15:00","32.66652822","-116.99547791","WGS84","Bill Isham, Kevin Stolzenbach, John Rudolph","Proctor Valley Creek","Sweetwater River","Easy","Easy","Natural","Probabilistic","Yes","30.00000000","2.20000000","2.20000000","2.40000000","5.80000000","8.60000000","5.10000000","Yes","0.00000000","0.00000000","0.00000000","0.00000000","NA","<10","No","","{1681E136-9E93-44BD-9169-C633453F3996}","checker","2020-02-19 07:10:17","checker","2020-02-19 07:10:17","pauls@sccwrp.org","SMC","2019","ABCL","Carlsbad_WMA"
49,"909WE0662","2018-06-14 00:00:00","10:30","10:45","32.89949000","-116.58847000","WGS84","Bill Isham, Tommy Arthur, John Rudolph","Sweetwater River","Sweetwater River","Easy","Easy","Natural","Probabilistic","Yes","30.00000000","2.20000000","3.00000000","2.40000000","4.10000000","3.80000000","3.10000000","Yes","0.00000000","0.00000000","0.00000000","0.00000000","NA","<10","No","","{0368894B-3979-43C9-A574-A6883E9E3453}","checker","2020-02-19 07:10:17","checker","2020-02-19 07:10:17","pauls@sccwrp.org","SMC","2019","ABCL","Carlsbad_WMA"
50,"911M24949","2018-04-11 00:00:00","10:45","11:05","32.80946293","-116.43979485","WGS84","Bill Isham, Tommy Arthur, John Rudolph","Long Canyon Creek","Tijuana River","Easy","Easy","Natural","Probabilistic","Yes","30.00000000","0.80000000","1.00000000","1.00000000","2.60000000","3.40000000","1.90000000","Yes","0.00000000","0.00000000","0.00000000","0.00000000","No","<10","No","","{1F1588BC-A83D-4A79-A641-ABEA7FE48181}","checker","2020-02-19 07:10:17","checker","2020-02-19 07:10:17","pauls@sccwrp.org","SMC","2019","ABCL","Carlsbad_WMA"
51,"911M24957","2018-05-17 00:00:00","12:30","13:00","32.67449000","-116.56570000","WGS84","John Rudolph, Bill Isham, Stephen Campbell","Cottonwood Creek","Tijuana River","Easy","Easy","Natural","Probabilistic","Yes","30.00000000","1.50000000","1.80000000","2.00000000","3.60000000","4.40000000","2.80000000","Yes","0.00000000","0.00000000","0.00000000","0.00000000","No","NA","No","","{4D0ACC85-82AF-4FA7-A4F4-2F619263B4B0}","checker","2020-02-19 07:10:17","checker","2020-02-19 07:10:17","pauls@sccwrp.org","SMC","2019","ABCL","Carlsbad_WMA"
52,"ME-CC","2018-06-28 00:00:00","00:00","00:00","34.18013000","-119.04142000","WGS84","Brianna Jones, Noel DeJesus, Kelly Hahs","Calleguas Creek","Calleguas","Easy","Easy","Other","Targeted","Yes","30.00000000","5.40000000","3.10000000","3.30000000","65.00000000","65.00000000","65.00000000","No","0.00000000","0.00000000","0.00000000","0.00000000","NA","NA","No","rip rap","{773D6D1F-79E7-481F-A844-0AA6288B2875}","checker","2020-02-19 07:10:17","checker","2020-02-19 07:10:17","pauls@sccwrp.org","SMC","2019","ABCL","Carlsbad_WMA"
53,"ME-VR2","2018-06-14 00:00:00","12:20","12:40","34.34116000","-119.29826000","WGS84","Brianna Jones, Kelly Hahs, Sarah Bedard","Ventura River","Ventura","Hard","Hard","Natural","Targeted","Yes","30.00000000","7.50000000","8.00000000","13.00000000","10.00000000","13.00000000","14.00000000","No","0.00000000","0.00000000","0.00000000","0.00000000","NA","NA","No","","{95F3F918-A248-4EC5-BDED-27CE50DA7FC7}","checker","2020-02-19 07:10:17","checker","2020-02-19 07:10:17","pauls@sccwrp.org","SMC","2019","ABCL","Carlsbad_WMA"
54,"SGLT506","2018-07-02 00:00:00","00:00","00:00","34.06180000","-117.99314000","NAD83","DO/NC","Walnut Channel","San Gabriel","Easy","Easy","Natural","Targeted","Yes","30.00000000","9.20000000","10.80000000","14.50000000","50.00000000","48.00000000","42.00000000","No","0.00000000","0.00000000","0.00000000","0.00000000","NA","<100","Yes","","{18ECE690-D37E-4FFA-81B9-A0E945C85ED9}","checker","2020-02-19 07:10:17","checker","2020-02-19 07:10:17","pauls@sccwrp.org","SMC","2019","ABCL","Carlsbad_WMA"
55,"SGUR3984","2018-07-02 00:00:00","00:00","00:00","34.24611000","-117.90138000","NAD83","DO/NC","West Fork San Gabriel River","San Gabriel","Moderate","Moderate","Natural","Targeted","Yes","30.00000000","12.90000000","9.40000000","10.60000000","45.90000000","45.90000000","45.10000000","No","0.00000000","0.00000000","0.00000000","0.00000000","NA","<10","No","","{BB58F05E-A0AE-43DC-9B4A-AAEB252AB23C}","checker","2020-02-19 07:10:17","checker","2020-02-19 07:10:17","pauls@sccwrp.org","SMC","2019","ABCL","Carlsbad_WMA"
56,"SMC00027","2018-06-26 00:00:00","11:10","11:25","34.66369000","-119.05206000","WGS84","Brianna Jones, Kelly Hahs","Piru Creek","Santa Clara","Hard","Hard","Natural","Probabilistic","Yes","30.00000000","3.10000000","2.60000000","1.30000000","6.10000000","7.10000000","10.00000000","No","0.00000000","0.00000000","0.00000000","0.00000000","NA","NA","No","","{1698CCE8-177C-42D8-B683-C17A4C205307}","checker","2020-02-19 07:10:17","checker","2020-02-19 07:10:17","pauls@sccwrp.org","SMC","2019","ABCL","Carlsbad_WMA"
57,"SMC00036","2018-06-11 00:00:00","11:04","11:20","34.21501000","-118.88060000","WGS84","Karin Wisenbaker, Lara","N Fork Arroyo Conejo","Calleguas","Hard","Hard","Earthen","Probabilistic","Yes","30.00000000","1.80000000","6.50000000","6.50000000","9.00000000","8.50000000","8.50000000","No","0.00000000","0.00000000","0.00000000","0.00000000","NA","NA","No","","{78436418-F187-438D-909E-79F5C82B31DD}","checker","2020-02-19 07:10:17","checker","2020-02-19 07:10:17","pauls@sccwrp.org","SMC","2019","ABCL","Carlsbad_WMA"
58,"SMC00105","2018-04-17 00:00:00","08:50","09:25","33.74651000","-117.58423000","WGS84","Orange County Public Works, Aquatic Bioassay & Consulting Labratories, Inc","Silverado Creek","Santa Ana","Easy","Easy","Natural","Probabilistic","Yes","30.00000000","0.61000000","0.42000000","1.47000000","3.11000000","3.20000000","3.80000000","Yes","0.00000000","0.00000000","0.00000000","0.00000000","NA","NA","No","More trash upstream by parking lot; Trash removed from AA; Trash predominant higher on banks (outside bankfull width)","{C3FDC6DA-79A9-42AE-AC74-2878937B7E0C}","checker","2020-02-19 07:10:17","checker","2020-02-19 07:10:17","pauls@sccwrp.org","SMC","2019","ABCL","Carlsbad_WMA"
59,"SMC00206","2018-05-31 00:00:00","09:30","09:50","33.54359000","-117.65964000","WGS84","Orange County Public Works, Aquatic Bioassay & Consulting Labratories, Inc","Trabuco Creek","San Juan Creek","Moderate","Moderate","Natural","Probabilistic","Yes","30.00000000","2.94000000","1.41000000","2.21000000","5.44000000","4.41000000","5.71000000","Yes","0.00000000","0.00000000","0.00000000","0.00000000","NA","NA","No","","{BEE223B0-6917-4D3A-B5B5-2F7DE0605AA4}","checker","2020-02-19 07:10:17","checker","2020-02-19 07:10:17","pauls@sccwrp.org","SMC","2019","ABCL","Carlsbad_WMA"
60,"SMC00271","2018-06-25 00:00:00","09:05","09:15","34.54961000","-119.16591000","WGS84","Alexis Wallengren, Kelly Hahs, Lara","Middle Lions","Santa Clara","Easy","Moderate","Natural","Probabilistic","Yes","30.00000000","8.50000000","5.50000000","6.50000000","10.00000000","7.50000000","10.00000000","No","0.00000000","0.00000000","0.00000000","0.00000000","NA","NA","No","Campground closed due to recent fire","{5E207ED6-C830-45F4-A3AD-6C3729EA43E6}","checker","2020-02-19 07:10:17","checker","2020-02-19 07:10:17","pauls@sccwrp.org","SMC","2019","ABCL","Carlsbad_WMA"
61,"SMC00324","2018-07-11 00:00:00","00:00","00:00","34.30236000","-119.10220000","WGS84","Karin Wisenbaker, Kelly Hahs","Santa Clara River","Santa Clara","Hard","Hard","Natural","Targeted","Yes","30.00000000","9.00000000","12.00000000","15.50000000","60.00000000","60.00000000","60.00000000","No","0.00000000","0.00000000","0.00000000","0.00000000","NA","NA","No","Site is like a wetland","{CD659636-7CD3-4031-899F-AD69FF080E5D}","checker","2020-02-19 07:10:17","checker","2020-02-19 07:10:17","pauls@sccwrp.org","SMC","2019","ABCL","Carlsbad_WMA"
62,"SMC00382","2018-06-21 00:00:00","09:15","09:20","34.04426000","-117.99368000","WGS84","Alexis Wallengren, Sarah Bedard","Avocado Creek","San Gabriel","Hard","Hard","Concrete","Probabilistic","Yes","30.00000000","2.25000000","2.30000000","1.95000000","3.75000000","3.75000000","3.75000000","No","0.00000000","0.00000000","0.00000000","0.00000000","NA","NA","No","","{288B33F0-BBB8-455F-A652-958E3CD8740A}","checker","2020-02-19 07:10:17","checker","2020-02-19 07:10:17","pauls@sccwrp.org","SMC","2019","ABCL","Carlsbad_WMA"
63,"SMC00440","2018-05-23 00:00:00","13:50","13:55","34.28392000","-118.52820000","WGS84","Brianna Jones, Alexis Wallengren","Aliso Canyon Wash","Los Angeles","Easy","Easy","Natural","Probabilistic","No","30.00000000","1.90000000","1.00000000","0.90000000","4.40000000","4.00000000","1.80000000","No","0.00000000","0.00000000","0.00000000","0.00000000","NA","NA","No","","{3D0B3FB9-DDAF-4966-8F97-CF4E9FDCAAC7}","checker","2020-02-19 07:10:17","checker","2020-02-19 07:10:17","pauls@sccwrp.org","SMC","2019","ABCL","Carlsbad_WMA"
64,"SMC00480","2018-07-02 00:00:00","00:00","00:00","34.23463000","-117.73141000","WGS84","Karin Wisenbaker, Alexis Wallengren","Cattle Canyon","San Gabriel","Moderate","Moderate","Natural","Probabilistic","Yes","30.00000000","1.72000000","2.28000000","2.22000000","9.10000000","6.50000000","5.50000000","No","0.00000000","0.00000000","0.00000000","0.00000000","NA","NA","No","","{68DDB723-969C-41FB-AD17-892AEEFC332C}","checker","2020-02-19 07:10:17","checker","2020-02-19 07:10:17","pauls@sccwrp.org","SMC","2019","ABCL","Carlsbad_WMA"
65,"SMC00544","2018-06-27 00:00:00","08:00","08:10","34.14702000","-117.74136000","WGS84","Alexis Wallengren, Noel DeJesus","Marshall Canyon","San Gabriel","Hard","Moderate","Earthen","Probabilistic","No","30.00000000","0.00000000","0.00000000","0.00000000","7.00000000","8.50000000","9.00000000","No","0.00000000","0.00000000","0.00000000","0.00000000","NA","NA","No","Dry","{0872E4E4-22CE-4B70-A61A-BE05F668CB5E}","checker","2020-02-19 07:10:17","checker","2020-02-19 07:10:17","pauls@sccwrp.org","SMC","2019","ABCL","Carlsbad_WMA"
66,"SMC00608","2018-06-27 00:00:00","11:10","11:15","34.12316000","-117.90236000","WGS84","Karin Wisenbaker, Alexis Wallengren","Little Dalton Wash","San Gabriel","Hard","Hard","Concrete","Probabilistic","Yes","30.00000000","4.10000000","8.00000000","8.00000000","8.00000000","8.00000000","8.00000000","No","0.00000000","0.00000000","0.00000000","0.00000000","NA","NA","No","","{468380DB-2002-460D-985F-37065C6A3263}","checker","2020-02-19 07:10:17","checker","2020-02-19 07:10:17","pauls@sccwrp.org","SMC","2019","ABCL","Carlsbad_WMA"
67,"SMC00670","2018-06-12 00:00:00","11:55","12:25","33.86926000","-117.90916000","WGS84","Orange County Public Works, Aquatic Bioassay & Consulting Labratories, Inc","Fullerton Creek","San Gabriel","Easy","Easy","Concrete","Probabilistic","Yes","30.00000000","1.50000000","1.80000000","1.56000000","6.00000000","6.00000000","6.00000000","No","1.00000000","0.00000000","0.00000000","0.00000000","No","NA","No","","{DC1648FE-E392-4E49-AC2C-4EA3941A01D9}","checker","2020-02-19 07:10:17","checker","2020-02-19 07:10:17","pauls@sccwrp.org","SMC","2019","ABCL","Carlsbad_WMA"
68,"SMC00836","2018-07-11 00:00:00","00:00","00:00","34.19107000","-119.00436000","WGS84","Karin Wisenbaker, Kelly Hahs","Conejo Creek","Calleguas","Hard","Hard","Earthen","Probabilistic","Yes","30.00000000","7.50000000","7.50000000","4.50000000","10.00000000","10.00000000","8.00000000","No","0.00000000","0.00000000","0.00000000","0.00000000","NA","NA","No","Too overgrown to access left bank","{9C81B4BB-828A-489A-A9FF-A04569D1A746}","checker","2020-02-19 07:10:17","checker","2020-02-19 07:10:17","pauls@sccwrp.org","SMC","2019","ABCL","Carlsbad_WMA"
69,"SMC00873","2018-04-17 00:00:00","12:32","13:03","33.59849000","-117.62668000","WGS84","Orange County Public Works, Aquatic Bioassay & Consulting Labratories, Inc","Tijeras Creek","San Juan Creek","Easy","Easy","Natural","Probabilistic","Yes","30.00000000","3.62000000","2.14000000","2.12000000","9.00000000","8.50000000","8.50000000","Yes","0.00000000","0.00000000","1.00000000","0.00000000","No","NA","No","Drain is 42"" corrugated metal pipe; Abundance of golf balls, AA runs through golf course","{E6EF44CA-81B2-432E-9E61-D0727AD14C16}","checker","2020-02-19 07:10:17","checker","2020-02-19 07:10:17","pauls@sccwrp.org","SMC","2019","ABCL","Carlsbad_WMA"
70,"SMC00926","2018-06-12 00:00:00","08:10","08:45","33.90740000","-117.88297000","WGS84","Orange County Public Works, Aquatic Bioassay & Consulting Labratories, Inc","Fullerton Creek","San Gabriel","Moderate","Easy","Earthen","Probabilistic","Yes","30.00000000","7.10000000","5.35000000","4.52000000","11.50000000","11.50000000","8.00000000","No","0.00000000","0.00000000","0.00000000","0.00000000","NA","NA","No","Dry outfall just upstream","{53FFD1D5-8A99-4F73-980F-B802E06047C6}","checker","2020-02-19 07:10:17","checker","2020-02-19 07:10:17","pauls@sccwrp.org","SMC","2019","ABCL","Carlsbad_WMA"
71,"SMC01097","2018-05-01 00:00:00","14:15","14:30","33.48724000","-117.25538000","WGS84","John Rudolph, Bill Isham, Stephen Campbell","Sandia Creek","Santa Margarita","Easy","Easy","Natural","Probabilistic","Yes","30.00000000","1.00000000","2.00000000","1.80000000","5.00000000","3.00000000","4.50000000","Yes","0.00000000","0.00000000","0.00000000","0.00000000","No","NA","No","","{4F8B90D0-3DA3-4D1C-84CE-8D7EA0D993F2}","checker","2020-02-19 07:10:17","checker","2020-02-19 07:10:17","pauls@sccwrp.org","SMC","2019","ABCL","Carlsbad_WMA"
72,"SMC01384","2018-06-19 00:00:00","00:00","00:00","34.06460000","-118.70091000","NAD83","DO/NC","Malibu Creek","Santa Monica Bay","Hard","Hard","Natural","Targeted","Yes","30.00000000","7.40000000","6.20000000","7.90000000","15.00000000","10.40000000","14.60000000","No","0.00000000","0.00000000","0.00000000","0.00000000","NA","<10","No","","{D864C763-FD37-4695-868E-9626EDDDEB3C}","checker","2020-02-19 07:10:17","checker","2020-02-19 07:10:17","pauls@sccwrp.org","SMC","2019","ABCL","Carlsbad_WMA"
73,"SMC01440","2018-06-27 00:00:00","09:35","09:50","34.16643000","-117.83864000","WGS84","Alexis Wallengren, Noel DeJesus","Little Dalton Canyon (Lower)","San Gabriel","Moderate","Moderate","Natural","Probabilistic","No","30.00000000","0.00000000","0.00000000","0.00000000","6.50000000","6.00000000","8.50000000","No","0.00000000","0.00000000","0.00000000","0.00000000","NA","NA","NA","Dry; poison oak on right bank; asphalt on left bank at A to support bank/road","{697C0CA5-200A-4024-984E-A17827346AFF}","checker","2020-02-19 07:10:17","checker","2020-02-19 07:10:17","pauls@sccwrp.org","SMC","2019","ABCL","Carlsbad_WMA"
74,"SMC01640","2018-06-19 00:00:00","00:00","00:00","34.15389000","-118.69671000","NAD83","DO/NC","Las Virgenes Creek","Santa Monica Bay","Hard","Hard","Concrete","Targeted","Yes","30.00000000","1.20000000","1.30000000","1.50000000","7.50000000","7.50000000","7.50000000","No","0.00000000","0.00000000","0.00000000","0.00000000","NA","<10","No","","{98326295-6938-4BAE-86C1-D3B39FBFEE08}","checker","2020-02-19 07:10:17","checker","2020-02-19 07:10:17","pauls@sccwrp.org","SMC","2019","ABCL","Carlsbad_WMA"
75,"SMC01694","2018-08-06 00:00:00","08:25","09:00","33.92001000","-117.90273000","WGS84","Orange County Public Works, Aquatic Bioassay & Consulting Labratories, Inc","Brea Canyon Channel","San Gabriel","Easy","Easy","Concrete/Earthen","Probabilistic","Yes","30.00000000","12.00000000","11.50000000","11.50000000","12.50000000","15.50000000","14.50000000","No","0.00000000","0.00000000","0.00000000","0.00000000","NA","NA","No","","{3BFAAD5B-056E-4EDC-BB1F-55E253BEE2EB}","checker","2020-02-19 07:10:17","checker","2020-02-19 07:10:17","pauls@sccwrp.org","SMC","2019","ABCL","Carlsbad_WMA"
76,"SMC02088","2018-06-18 00:00:00","11:30","12:00","34.30151000","-118.25939000","WGS84","Karin Wisenbaker, Brianna Jones, Ken Franklin","Big Tujunga Creek","Los Angeles","Hard","Easy","Natural","Probabilistic","Yes","30.00000000","8.00000000","10.00000000","6.00000000","12.00000000","13.50000000","13.50000000","No","0.00000000","0.00000000","0.00000000","0.00000000","NA","NA","No","","{F0458159-7DAB-4743-ADDA-F50C99E413D4}","checker","2020-02-19 07:10:17","checker","2020-02-19 07:10:17","pauls@sccwrp.org","SMC","2019","ABCL","Carlsbad_WMA"
77,"SMC02092","2018-06-18 00:00:00","09:10","09:40","34.27805000","-118.20608000","WGS84","Karin Wisenbaker, Brianna Jones, Ken Franklin","Big Tujunga Creek","Los Angeles","Hard","Hard","Natural","Probabilistic","Yes","30.00000000","4.50000000","2.40000000","9.60000000","9.00000000","12.00000000","15.00000000","No","0.00000000","0.00000000","0.00000000","0.00000000","NA","NA","No","","{DFC02FE3-2EAC-40E9-8A15-CC1ED3AE09C4}","checker","2020-02-19 07:10:17","checker","2020-02-19 07:10:17","pauls@sccwrp.org","SMC","2019","ABCL","Carlsbad_WMA"
78,"SMC02568","2018-08-02 00:00:00","08:00","08:25","34.28025000","-118.22122000","WGS84","Karin Wisenbaker, Noel DeJesus","Big Tujunga Creek","Los Angeles","Moderate","Hard","Natural","Probabilistic","Yes","30.00000000","6.14000000","6.06000000","4.14000000","17.00000000","18.00000000","17.00000000","No","0.00000000","0.00000000","0.00000000","0.00000000","NA","NA","No","No trash in 30 m reach","{F2891D6F-3424-42A0-BDA7-AC968CBF6B6B}","checker","2020-02-19 07:10:17","checker","2020-02-19 07:10:17","pauls@sccwrp.org","SMC","2019","ABCL","Carlsbad_WMA"
79,"SMC02656","2018-08-06 00:00:00","11:14","11:31","34.07506000","-117.87220000","WGS84","Karin Wisenbaker, Noel DeJesus","Walnut Creek","San Gabriel","Hard","Hard","Concrete/Earthen","Probabilistic","Yes","30.00000000","1.10000000","1.20000000","2.50000000","7.50000000","7.50000000","7.50000000","No","0.00000000","0.00000000","1.00000000","0.00000000","Yes","<50","No","","{7F994FAC-4510-4610-A562-2DF71035BB03}","checker","2020-02-19 07:10:17","checker","2020-02-19 07:10:17","pauls@sccwrp.org","SMC","2019","ABCL","Carlsbad_WMA"
80,"SMC02976","2018-07-09 00:00:00","00:00","00:00","34.25607000","-117.75712000","WGS84","Karin Wisenbaker, Alexis Wallengren","East Fork","San Gabriel","Easy","Moderate","Natural","Probabilistic","Yes","30.00000000","6.50000000","5.60000000","7.67000000","12.00000000","9.10000000","14.50000000","No","0.00000000","0.00000000","0.00000000","0.00000000","NA","NA","No","","{BDD871F1-FC23-42F9-8A3F-9056FDFAC17C}","checker","2020-02-19 07:10:17","checker","2020-02-19 07:10:17","pauls@sccwrp.org","SMC","2019","ABCL","Carlsbad_WMA"
81,"SMC04524","2018-07-19 00:00:00","09:24","00:00","34.24761000","-118.03336000","WGS84","Scott Johnson, Jim Mann, Noel DeJesus","West Fork","San Gabriel","Easy","Easy","Natural","Targeted","No","45.00000000","0.00000000","0.00000000","0.00000000","8.00000000","8.00000000","8.00000000","No","0.00000000","0.00000000","0.00000000","0.00000000","NA","NA","NA","Dry","{941129D8-21BF-4845-A115-3D304AF83208}","checker","2020-02-19 07:10:17","checker","2020-02-19 07:10:17","pauls@sccwrp.org","SMC","2019","ABCL","Carlsbad_WMA"
82,"SMC09534","2018-07-10 00:00:00","00:00","00:00","33.83843000","-118.09494000","WGS84","Karin Wisenbaker, Noel DeJesus","SGR Mainstem","San Gabriel","Easy","Easy","Concrete","Probabilistic","Yes","30.00000000","5.06000000","5.04000000","4.90000000","25.00000000","25.00000000","25.00000000","No","0.00000000","1.00000000","0.00000000","0.00000000","Yes","<10","No","","{D0A3F9CD-C68C-4690-8A57-E6C752A844E6}","checker","2020-02-19 07:10:17","checker","2020-02-19 07:10:17","pauls@sccwrp.org","SMC","2019","ABCL","Carlsbad_WMA"
84,"SMC11581","2018-06-05 00:00:00","15:00","15:20","33.95218000","-117.60630000","NAD83","DO/NC","Cucamonga Channel","Santa Ana","Hard","hard","Concrete","Targeted","Yes","30.00000000","9.80000000","10.40000000","10.50000000","21.50000000","21.50000000","21.50000000","No","0.00000000","0.00000000","1.00000000","0.00000000","Yes","<10","No","","{B96DBFD9-2CA7-4F4C-BC5B-7C0653AE0E24}","checker","2020-02-19 07:10:17","checker","2020-02-19 07:10:17","pauls@sccwrp.org","SMC","2019","ABCL","Carlsbad_WMA"
85,"SMC16832","2018-07-10 00:00:00","00:00","00:00","33.88459000","-118.10844000","WGS84","Karin Wisenbaker, Noel DeJesus","SGR Mainstem","San Gabriel","Easy","Easy","Concrete/Earthen","Probabilistic","Yes","30.00000000","3.16000000","3.08000000","3.72000000","25.00000000","25.00000000","25.00000000","No","0.00000000","0.00000000","0.00000000","0.00000000","NA","NA","No","","{5107F018-92B7-485D-8F8E-2461376847F0}","checker","2020-02-19 07:10:17","checker","2020-02-19 07:10:17","pauls@sccwrp.org","SMC","2019","ABCL","Carlsbad_WMA"
86,"SMC09698","2019-06-19 00:00:00","09:40","09:55","33.74590000","-116.70739000","NAD83","DO/NC","Strawberry Creek","Santa Ana","Easy","Easy","Natural","Targeted","Yes","30.00000000","5.30000000","4.30000000","3.70000000","8.80000000","7.30000000","6.20000000","No","0.00000000","0.00000000","0.00000000","0.00000000","NA","<10","No","","{2592F058-F93B-4BB9-BC7C-999B50B28146}","checker","2020-02-20 12:56:41","checker","2020-02-20 12:56:41","pauls@sccwrp.org","SMC","2019","WestonSolu","Southern California Coastal Water Research Project"
87,"SMC11581","2019-06-19 00:00:00","14:15","14:30","33.95218000","-117.60630000","NAD83","DO/NC","Cucamonga Channel","Santa Ana","Hard","hard","Concrete","Targeted","Yes","30.00000000","9.90000000","9.70000000","10.40000000","21.50000000","21.50000000","21.70000000","No","0.00000000","0.00000000","0.00000000","0.00000000","NA","<50","No","","{0FF29BC9-3CD6-4F08-83A2-F523E7C9BA0D}","checker","2020-02-20 12:56:41","checker","2020-02-20 12:56:41","pauls@sccwrp.org","SMC","2019","WestonSolu","Southern California Coastal Water Research Project"
88,"802M16985","2019-05-10 00:00:00","08:30","08:50","33.67408000","-117.26878000","NAD83","DO/NC","Cottonwood Canyon","Santa Ana","Moderate","Moderate","Natural","Probabilistic","Yes","30.00000000","2.60000000","2.20000000","2.40000000","9.50000000","10.20000000","15.60000000","No","0.00000000","0.00000000","0.00000000","0.00000000","NA","<50","No","","{5CAA6556-E5BF-4FA1-BCA8-3D8C5ABED269}","checker","2020-02-20 12:56:41","checker","2020-02-20 12:56:41","pauls@sccwrp.org","SMC","2019","WestonSolu","Southern California Coastal Water Research Project"
89,"801M16957","2019-05-10 00:00:00","14:20","14:35","33.85468000","-117.35725000","NAD83","DO/NC","Mockingbird Canyon","Santa Ana","Hard","hard","Natural","Probabilistic","Yes","30.00000000","3.50000000","2.60000000","2.20000000","26.00000000","27.00000000","25.20000000","No","0.00000000","0.00000000","0.00000000","0.00000000","NA","<10","No","","{B06D32EC-43E0-4485-82E9-A86AB362760F}","checker","2020-02-20 12:56:41","checker","2020-02-20 12:56:41","pauls@sccwrp.org","SMC","2019","WestonSolu","Southern California Coastal Water Research Project"
90,"904M21782","2019-06-11 00:00:00","14:00","14:15","33.15420000","-117.03480000","NAD83","DO/NC","Escondido Creek","Escondido Creek","Moderate","Moderate","Concrete","Probabilistic","Yes","30.00000000","3.10000000","3.10000000","3.10000000","3.50000000","3.40000000","3.40000000","No","0.00000000","0.00000000","0.00000000","0.00000000","NA","<50","No","","{0DDA64F1-9A73-43D6-9BCF-63758E35DD3F}","checker","2020-02-20 12:56:41","checker","2020-02-20 12:56:41","pauls@sccwrp.org","SMC","2019","WestonSolu","Southern California Coastal Water Research Project"
91,"904M21761","2019-06-03 00:00:00","12:00","12:15","33.10763000","-117.20832000","NAD83","DO/NC","San Marcos Creek","San Marcos Creek","Hard","hard","Natural","Probabilistic","Yes","30.00000000","2.40000000","2.40000000","3.60000000","3.70000000","4.00000000","5.80000000","No","0.00000000","0.00000000","0.00000000","0.00000000","NA","<10","No","","{A10F2BE4-EF20-4971-8A12-DBBC7351CA80}","checker","2020-02-20 12:56:41","checker","2020-02-20 12:56:41","pauls@sccwrp.org","SMC","2019","WestonSolu","Southern California Coastal Water Research Project"
92,"904M21784","2019-06-18 00:00:00","13:10","13:25","33.18617000","-117.27921000","NAD83","DO/NC","Buena Vista Creek","Buena Vista Creek","Moderate","Moderate","Concrete","Probabilistic","Yes","30.00000000","11.70000000","11.70000000","11.70000000","11.70000000","11.70000000","11.70000000","No","0.00000000","0.00000000","0.00000000","0.00000000","NA","<50","No","","{2C2F72C6-A105-4CBC-94FE-3162330FA0D4}","checker","2020-02-20 12:56:41","checker","2020-02-20 12:56:41","pauls@sccwrp.org","SMC","2019","WestonSolu","Southern California Coastal Water Research Project"
93,"904WE1125","2019-06-17 00:00:00","11:25","11:45","33.09875000","-117.12887000","NAD83","DO/NC","Escondido Creek","Escondido Creek","Hard","Moderate","Natural","Targeted","Yes","30.00000000","4.30000000","3.30000000","4.30000000","7.20000000","7.80000000","11.50000000","No","0.00000000","0.00000000","0.00000000","0.00000000","NA","<50","No","","{1ECBB80D-EB22-4EF4-B359-B0A6AA7B26D6}","checker","2020-02-20 12:56:41","checker","2020-02-20 12:56:41","pauls@sccwrp.org","SMC","2019","WestonSolu","Southern California Coastal Water Research Project"
94,"902M20237","2019-06-04 00:00:00","12:00","12:10","33.40947000","-117.21370000","NAD83","DO/NC","Rainbow Creek Tributary","Santa Margarita","Moderate","Moderate","Natural","Probabilistic","Yes","30.00000000","1.10000000","0.60000000","2.40000000","2.00000000","3.70000000","5.00000000","No","0.00000000","0.00000000","0.00000000","0.00000000","NA","<10","No","","{A9979C4A-9C39-4671-B837-D26A45733F63}","checker","2020-02-20 12:56:41","checker","2020-02-20 12:56:41","pauls@sccwrp.org","SMC","2019","WestonSolu","Southern California Coastal Water Research Project"
95,"902M20273","2019-06-12 00:00:00","12:00","12:20","33.40282000","-117.25509000","NAD83","DO/NC","Santa Margarita River","Santa Margarita","Hard","hard","Natural","Probabilistic","Yes","30.00000000","3.10000000","13.00000000","11.40000000","12.50000000","16.00000000","14.40000000","No","0.00000000","0.00000000","0.00000000","0.00000000","NA","<10","No","","{3FF66F2A-19ED-4E4B-86CE-F1F04918C6F1}","checker","2020-02-20 12:56:41","checker","2020-02-20 12:56:41","pauls@sccwrp.org","SMC","2019","WestonSolu","Southern California Coastal Water Research Project"
96,"902WE0888","2019-06-11 00:00:00","10:30","10:40","33.45432000","-117.30237000","NAD83","DO/NC","De Luz Creek","Santa Margarita","Easy","Easy","Natural","Targeted","Yes","30.00000000","5.60000000","7.40000000","4.40000000","8.20000000","9.50000000","8.60000000","No","0.00000000","0.00000000","0.00000000","0.00000000","NA","<10","No","","{AF623C4B-9A41-4BD1-B88E-3CBD027B2040}","checker","2020-02-20 12:56:41","checker","2020-02-20 12:56:41","pauls@sccwrp.org","SMC","2019","WestonSolu","Southern California Coastal Water Research Project"
97,"903M20280","2019-07-01 00:00:00","11:00","11:15","33.29599000","-117.21786000","NAD83","DO/NC","San Luis Rey River","San Luis Rey","Hard","hard","Natural","Probabilistic","Yes","30.00000000","5.10000000","2.20000000","4.40000000","8.60000000","11.90000000","9.40000000","No","0.00000000","0.00000000","0.00000000","0.00000000","NA","<10","No","","{728E6A8A-7C88-45C1-96C7-B29EDE78908D}","checker","2020-02-20 12:56:41","checker","2020-02-20 12:56:41","pauls@sccwrp.org","SMC","2019","WestonSolu","Southern California Coastal Water Research Project"
98,"907M23385","2019-06-25 00:00:00","10:00","10:15","32.81300000","-117.07084000","NAD83","DO/NC","San Diego River","San Diego River","Hard","hard","Natural","Probabilistic","Yes","30.00000000","3.80000000","6.10000000","5.30000000","9.80000000","10.90000000","11.40000000","No","0.00000000","0.00000000","0.00000000","0.00000000","NA","<10","No","","{DACBD775-0D93-4784-A283-4123FD61636F}","checker","2020-02-20 12:56:41","checker","2020-02-20 12:56:41","pauls@sccwrp.org","SMC","2019","WestonSolu","Southern California Coastal Water Research Project"
99,"907M23401","2019-06-13 00:00:00","11:30","11:45","32.83431000","-117.04649000","NAD83","DO/NC","San Diego River","San Diego River","Hard","hard","Natural","Probabilistic","Yes","30.00000000","2.40000000","2.60000000","3.60000000","9.90000000","13.10000000","10.80000000","No","0.00000000","0.00000000","0.00000000","0.00000000","NA","<10","No","","{EFCCF96B-54CF-4DA9-96DE-487456D70131}","checker","2020-02-20 12:56:41","checker","2020-02-20 12:56:41","pauls@sccwrp.org","SMC","2019","WestonSolu","Southern California Coastal Water Research Project"
121,"909M24953","2019-04-30 00:00:00","09:45","10:00","32.80689000","-116.80173000","WGS84","John Rudolph, Bill Isham","North Fork Sweetwater River","San Diego","Hard","Hard","Natural","Probabilistic","Yes","30.00000000","2.10000000","1.10000000","1.50000000","3.20000000","2.30000000","2.00000000","No","0.00000000","0.00000000","0.00000000","0.00000000","No","NA","No","","{A90992AB-785F-41F6-95C9-B078DDFE858B}","checker","2020-02-21 11:43:55","checker","2020-02-21 11:43:55","pauls@sccwrp.org","SMC","2019","AMEC","SDCDPW"
100,"SMC01640","2019-07-08 00:00:00","09:00","09:10","34.15388000","-118.69671000","NAD83","DO/NC","Las Virgenes Creek","Santa Monica Bay","Moderate","Moderate","Concrete","Targeted","Yes","30.00000000","2.40000000","2.00000000","2.20000000","7.20000000","7.20000000","7.20000000","No","0.00000000","0.00000000","0.00000000","0.00000000","NA","<10","No","","{A2D8A5AF-6BEB-438C-AE74-AF6CD512DBC4}","checker","2020-02-20 12:56:41","checker","2020-02-20 12:56:41","pauls@sccwrp.org","SMC","2019","WestonSolu","Southern California Coastal Water Research Project"
101,"SMC01384","2019-07-08 00:00:00","13:30","13:50","34.06460000","-118.70091000","NAD83","DO/NC","Malibu Creek","Santa Monica Bay","Hard","hard","Natural","Targeted","Yes","30.00000000","8.40000000","3.20000000","16.70000000","18.00000000","21.00000000","19.20000000","No","0.00000000","0.00000000","0.00000000","0.00000000","NA","<10","No","","{DDD42F32-A45B-4A3A-BA22-AE8FF9AEC09C}","checker","2020-02-20 12:56:41","checker","2020-02-20 12:56:41","pauls@sccwrp.org","SMC","2019","WestonSolu","Southern California Coastal Water Research Project"
102,"404M07376","2019-07-09 00:00:00","15:10","15:25","34.08211000","-118.69048000","NAD83","DO/NC","Cold Creek","Santa Monica Bay","Moderate","Moderate","Natural","Probabilistic","Yes","30.00000000","3.30000000","3.60000000","2.40000000","6.00000000","5.60000000","6.20000000","No","0.00000000","0.00000000","0.00000000","0.00000000","NA","<10","No","","{87654BF2-517E-4EBE-B22E-2AC73F068B1D}","checker","2020-02-20 12:56:41","checker","2020-02-20 12:56:41","pauls@sccwrp.org","SMC","2019","WestonSolu","Southern California Coastal Water Research Project"
103,"404M07375","2019-05-14 00:00:00","12:00","12:15","34.09049000","-118.66854000","NAD83","DO/NC","Cold Creek Tributary","Santa Monica Bay","Moderate","Moderate","Natural","Probabilistic","Yes","30.00000000","0.70000000","1.30000000","1.50000000","2.10000000","1.60000000","2.60000000","No","0.00000000","0.00000000","0.00000000","0.00000000","NA","<10","No","","{D9B94E7E-1529-474E-8B66-DD44159DDF9B}","checker","2020-02-20 12:56:41","checker","2020-02-20 12:56:41","pauls@sccwrp.org","SMC","2019","WestonSolu","Southern California Coastal Water Research Project"
104,"404M07372","2019-07-09 00:00:00","10:40","11:00","34.13727000","-118.75703000","NAD83","DO/NC","Medea Creek","Santa Monica Bay","Moderate","Moderate","Natural","Probabilistic","Yes","30.00000000","3.10000000","6.80000000","7.00000000","9.10000000","14.00000000","16.50000000","No","0.00000000","0.00000000","0.00000000","0.00000000","NA","<50","No","","{032B8D53-A80C-429A-B93C-627841EC941A}","checker","2020-02-20 12:56:41","checker","2020-02-20 12:56:41","pauls@sccwrp.org","SMC","2019","WestonSolu","Southern California Coastal Water Research Project"
105,"403M05844","2019-06-20 00:00:00","08:45","09:00","34.59379000","-118.56245000","NAD83","DO/NC","Elizibeth Canyon","Santa Clara","Hard","hard","Natural","Probabilistic","Yes","30.00000000","2.90000000","2.60000000","2.00000000","6.50000000","6.10000000","6.20000000","No","0.00000000","0.00000000","0.00000000","0.00000000","NA","<50","No","","{A6E298BA-0B4F-4955-B5E5-98C983786485}","checker","2020-02-20 12:56:41","checker","2020-02-20 12:56:41","pauls@sccwrp.org","SMC","2019","WestonSolu","Southern California Coastal Water Research Project"
106,"403M05832","2019-06-27 00:00:00","09:00","09:15","34.55060000","-118.50896000","NAD83","DO/NC","San Francisquito Creek","Santa Clara","Hard","hard","Natural","Probabilistic","Yes","30.00000000","1.70000000","2.00000000","2.40000000","3.00000000","8.20000000","4.90000000","No","0.00000000","0.00000000","0.00000000","0.00000000","NA","<10","No","","{A2F1D74A-FCE8-4436-A446-AD6533427FD8}","checker","2020-02-20 12:56:41","checker","2020-02-20 12:56:41","pauls@sccwrp.org","SMC","2019","WestonSolu","Southern California Coastal Water Research Project"
107,"412M08641","2019-07-09 00:00:00","11:10","11:27","34.30389000","-118.06856300","WGS84","Karin Wisenbaker, Ken Franklin","Big Tujunga Creek","Los Angeles","Hard","Moderate","Earthen","Probabilistic","Yes","30.00000000","1.50000000","0.65000000","1.50000000","6.50000000","6.00000000","5.00000000","No","0.00000000","0.00000000","0.00000000","0.00000000","NA","NA","No","","{B8543975-557C-4481-B60E-BACC7A275C87}","checker","2020-02-21 11:02:08","checker","2020-02-21 11:02:08","pauls@sccwrp.org","SMC","2019","ABCL","LARWMP"
108,"SMC01808","2019-07-09 00:00:00","08:49","09:09","34.30945000","-118.07343000","WGS84","Karin Wisenbaker, Ken Franklin","Alder Creek","Los Angeles","Moderate","Hard","Natural","Probabilistic","Yes","30.00000000","1.52000000","2.65000000","1.10000000","7.00000000","9.50000000","9.00000000","No","0.00000000","0.00000000","0.00000000","0.00000000","NA","NA","No","","{8F6FF530-6045-4920-92FA-03F1BE2C2F76}","checker","2020-02-21 11:02:08","checker","2020-02-21 11:02:08","pauls@sccwrp.org","SMC","2019","ABCL","LARWMP"
109,"SMC01004","2019-07-15 00:00:00","10:30","10:45","34.15244000","-118.16672000","WGS84","Karin Wisenbaker, Ken Franklin","Arroyo Seco","Los Angeles","Hard","Hard","Concrete","Probabilistic","Yes","30.00000000","0.59000000","0.63000000","0.67000000","18.00000000","18.00000000","18.00000000","No","0.00000000","0.00000000","0.00000000","0.00000000","NA","NA","No","","{8068EAD4-E3AF-45D9-BC10-A6363702BDC5}","checker","2020-02-21 11:02:08","checker","2020-02-21 11:02:08","pauls@sccwrp.org","SMC","2019","ABCL","LARWMP"
110,"412CE0232","2019-07-15 00:00:00","12:50","13:05","34.15938000","-118.45802000","WGS84","Karin Wisenbaker, Ken Franklin","Los Angeles River","Los Angeles","Hard","Hard","Concrete","Probabilistic","Yes","30.00000000","10.00000000","10.00000000","10.00000000","12.50000000","12.50000000","12.50000000","No","0.00000000","0.00000000","0.00000000","0.00000000","NA","NA","No","","{71B2F5D0-F74F-4F4A-89F1-3B081E6A7D9D}","checker","2020-02-21 11:02:08","checker","2020-02-21 11:02:08","pauls@sccwrp.org","SMC","2019","ABCL","LARWMP"
111,"412M08645","2019-07-15 00:00:00","07:30","08:08","34.28724000","-118.50092000","WGS84","Karin Wisenbaker, Ken Franklin","Bull Creek","Los Angeles","Easy","Easy","Natural","Probabilistic","Yes","30.00000000","0.55000000","0.70000000","0.50000000","9.00000000","9.00000000","11.00000000","No","0.00000000","0.00000000","0.00000000","0.00000000","NA","NA","No","","{D16871B5-18C6-4FD3-9635-0A0D37C7D2A7}","checker","2020-02-21 11:02:08","checker","2020-02-21 11:02:08","pauls@sccwrp.org","SMC","2019","ABCL","LARWMP"
112,"412M08647","2019-07-16 00:00:00","08:30","08:48","34.27831000","-118.30437000","WGS84","Alexis Wallengren, Ken Franklin","Big Tujunga Creek","Los Angeles","Moderate","Moderate","Natural","Probabilistic","Yes","30.00000000","5.35000000","11.00000000","7.50000000","15.00000000","15.00000000","20.00000000","No","0.00000000","0.00000000","0.00000000","0.00000000","NA","NA","No","","{79C87771-1767-4A5F-99F5-667660E31432}","checker","2020-02-21 11:02:08","checker","2020-02-21 11:02:08","pauls@sccwrp.org","SMC","2019","ABCL","LARWMP"
113,"412M08646","2019-07-16 00:00:00","11:45","12:00","34.12796000","-118.08193000","WGS84","Alexis Wallengren, Ken Franklin","Eaton Wash","Los Angeles","Moderate","Moderate","Concrete","Probabilistic","Yes","30.00000000","1.40000000","1.40000000","1.40000000","9.00000000","9.00000000","9.00000000","No","0.00000000","0.00000000","0.00000000","0.00000000","NA","NA","No","","{4C85E663-4C76-4722-AB40-2FE107018980}","checker","2020-02-21 11:02:08","checker","2020-02-21 11:02:08","pauls@sccwrp.org","SMC","2019","ABCL","LARWMP"
114,"412WE0552","2019-07-23 00:00:00","09:17","09:25","34.23615000","-118.18108000","WGS84","Karin Wisenbaker, Ken Franklin","Arroyo Seco","Los Angeles","Easy","Easy","Natural","Probabilistic","Yes","30.00000000","2.85000000","2.80000000","3.35000000","10.00000000","8.00000000","9.00000000","No","0.00000000","0.00000000","0.00000000","0.00000000","NA","NA","No","","{C801F1DF-68AC-4EC0-A1A4-3702874A33D2}","checker","2020-02-21 11:02:08","checker","2020-02-21 11:02:08","pauls@sccwrp.org","SMC","2019","ABCL","LARWMP"
115,"SMC04204","2019-07-30 00:00:00","07:30","08:00","34.20335000","-118.01864000","WGS84","Alexis Wallengren, Ken Franklin, Karin Wisenbaker","Santa Anita Wash","Los Angeles","Moderate","Moderate","Natural","Probabilistic","Yes","30.00000000","2.68000000","3.75000000","2.80000000","7.00000000","6.00000000","7.00000000","No","0.00000000","0.00000000","0.00000000","0.00000000","NA","NA","No","Done in conjunction with Phab","{CE1A361B-8F6C-4C3A-AC6A-1CB36BA53434}","checker","2020-02-21 11:02:08","checker","2020-02-21 11:02:08","pauls@sccwrp.org","SMC","2019","ABCL","LARWMP"
116,"SMC00318","2019-08-07 00:00:00","12:20","13:10","33.81434000","-118.20541000","WGS84","Karin Wisenbaker","Los Angeles River","Los Angeles","Moderate","Moderate","Concrete","Probabilistic","Yes","30.00000000","8.00000000","8.00000000","8.50000000","100.00000000","100.00000000","100.00000000","No","0.00000000","0.00000000","0.00000000","0.00000000","NA","NA","No","","{A525130D-D050-4C72-B403-737B4DA64E1C}","checker","2020-02-21 11:02:08","checker","2020-02-21 11:02:08","pauls@sccwrp.org","SMC","2019","ABCL","LARWMP"
117,"907M23405","2019-05-20 00:00:00","11:30","11:50","33.86450000","-117.00968000","WGS84","John Rudolph, Bill Isham, Kate Buckley","Sycamore Creek","San Diego","Easy","Easy","Natural","Probabilistic","Yes","30.00000000","5.00000000","4.20000000","6.50000000","6.00000000","6.60000000","7.30000000","No","0.00000000","0.00000000","0.00000000","0.00000000","No","NA","No","","{DBDFAD98-5B0C-459B-98D6-49A154049E5A}","checker","2020-02-21 11:24:54","checker","2020-02-21 11:24:54","pauls@sccwrp.org","SMC","2019","AMEC","SDCDPW"
118,"909WE0662","2019-06-10 00:00:00","11:43","11:58","32.89982000","-116.58919000","WGS84","John Rudolph, Bill Isham, Kate Buckley","Sweetwater River","San Diego","Hard","Moderate","Natural","Probabilistic","Yes","30.00000000","2.00000000","2.40000000","2.30000000","2.50000000","3.40000000","4.30000000","No","0.00000000","0.00000000","0.00000000","0.00000000","No","NA","No","","{A99A3715-F8AF-44F8-AD36-E05048DB1D0A}","checker","2020-02-21 11:43:55","checker","2020-02-21 11:43:55","pauls@sccwrp.org","SMC","2019","AMEC","SDCDPW"
119,"909M24951","2019-04-30 00:00:00","11:30","11:45","32.77041000","-116.81395000","WGS84","John Rudolph, Bill Isham, Kate Buckley","Sweetwater River","San Diego","Hard","Moderate","Natural","Probabilistic","Yes","30.00000000","2.30000000","1.80000000","2.00000000","7.60000000","4.80000000","3.50000000","No","0.00000000","0.00000000","0.00000000","0.00000000","No","NA","No","Trash assessment was done on follow up visit on 5/1","{095CDC30-036F-4CF5-BEB6-28BA64144E0E}","checker","2020-02-21 11:43:55","checker","2020-02-21 11:43:55","pauls@sccwrp.org","SMC","2019","AMEC","SDCDPW"
120,"908M24952","2019-05-28 00:00:00","11:30","11:50","32.72433000","-117.07392000","WGS84","John Rudolph, Bill Isham","Chollas Creek","San Diego","Moderate","Moderate","Natural","Probabilistic","Yes","30.00000000","1.60000000","1.20000000","3.00000000","3.20000000","2.90000000","3.90000000","No","0.00000000","0.00000000","0.00000000","0.00000000","No","NA","No","","{AE8422A6-34A5-4FE1-9B7F-32235B4E2D63}","checker","2020-02-21 11:43:55","checker","2020-02-21 11:43:55","pauls@sccwrp.org","SMC","2019","AMEC","SDCDPW"
122,"SMC01097","2019-05-09 00:00:00","14:10","14:20","33.48670000","-117.25559000","WGS84","John Rudolph, Bill Isham, Kevin Stolzenbach","Sandia Creek","Santa Margarita","Easy","Easy","Natural","Probabilistic","Yes","30.00000000","1.90000000","6.20000000","4.30000000","4.50000000","9.00000000","10.00000000","No","0.00000000","0.00000000","0.00000000","0.00000000","No","NA","No","","{BDCF7545-C385-4741-ADDE-8485D12E0427}","checker","2020-02-21 11:45:50","checker","2020-02-21 11:45:50","pauls@sccwrp.org","SMC","2019","AMEC","RCFC"
123,"902M18909","2019-05-09 00:00:00","10:55","11:10","33.46585000","-117.19804000","WGS84","John Rudolph, Bill Isham, Kevin Stolzenbach","Unnamed Creek","Santa Margarita","Easy","Easy","Natural","Probabilistic","Yes","30.00000000","1.30000000","1.50000000","1.80000000","2.30000000","2.70000000","2.50000000","No","0.00000000","0.00000000","0.00000000","0.00000000","No","NA","No","","{8A078B45-B68B-4574-B0F1-38E64F31EE0D}","checker","2020-02-21 11:45:50","checker","2020-02-21 11:45:50","pauls@sccwrp.org","SMC","2019","AMEC","RCFC"
124,"905PS0026","2019-05-07 00:00:00","13:00","13:15","33.10547000","-116.86910000","WGS84","John Rudolph, Bill Isham, Tommy Arthur","Santa Ysabel Creek","San Diego","Moderate","Hard","Natural","Targeted","Yes","30.00000000","3.20000000","5.20000000","4.00000000","12.00000000","6.00000000","6.40000000","No","0.00000000","0.00000000","0.00000000","0.00000000","NA","NA","No","SMC trend site","{A09E95F9-E801-4858-A255-37E942F28BDB}","checker","2020-02-21 12:17:28","checker","2020-02-21 12:17:28","pauls@sccwrp.org","SMC","2019","AMEC","SDCDPW"
125,"906M21774","2019-05-07 00:00:00","10:50","11:10","32.93483000","-117.05934000","WGS84","John Rudolph, Bill Isham, Tommy Arthur","Beeler Canyon","San Diego","Moderate","Moderate","Natural","Probabilistic","Yes","30.00000000","3.60000000","2.60000000","1.80000000","10.00000000","10.50000000","40.00000000","No","0.00000000","0.00000000","0.00000000","0.00000000","NA","NA","No","SMC condition site","{B65B2865-7E7F-4B25-9D99-5F4761975A01}","checker","2020-02-21 12:17:28","checker","2020-02-21 12:17:28","pauls@sccwrp.org","SMC","2019","AMEC","SDCDPW"
126,"901M14145","2019-06-27 00:00:00","08:57","09:30","33.48685000","-117.48685000","WGS84","Karin Wisenbaker, Shelby Palasik","San Juan Creek","San Juan Creek","Moderate","Moderate","Concrete/Earthen","Probabilistic","Yes","30.00000000","13.50000000","9.85000000","9.50000000","40.00000000","40.00000000","40.00000000","No","0.00000000","0.00000000","0.00000000","0.00000000","NA","NA","No","","{068F7D49-B63B-4169-A51E-B077651088F8}","checker","2020-02-25 11:01:33","checker","2020-02-25 11:01:33","pauls@sccwrp.org","SMC","2019","ABCL","OCWMPU"
127,"SMC00206","2019-06-04 00:00:00","10:00","10:15","33.54453000","-117.65897000","WGS84","Alexis Wallengren, Shelby Palasik","Trabuco Creek","San Juan Creek","Hard","Hard","Natural","Probabilistic","Yes","30.00000000","3.00000000","3.00000000","3.50000000","4.00000000","3.50000000","4.00000000","No","0.00000000","0.00000000","0.00000000","0.00000000","NA","NA","No","","{28C3D8F6-8BBF-4A23-AD44-8156E5B0F4EB}","checker","2020-02-25 11:01:33","checker","2020-02-25 11:01:33","pauls@sccwrp.org","SMC","2019","ABCL","OCWMPU"
128,"901M14149","2019-05-29 00:00:00","12:40","12:45","33.56773000","-117.74763000","WGS84","Alexis Wallengren, Shelby Palasik","Wood Canyon","San Juan Creek","Easy","Easy","Natural","Probabilistic","Yes","30.00000000","1.30000000","1.60000000","2.10000000","5.00000000","5.00000000","5.00000000","No","0.00000000","0.00000000","0.00000000","0.00000000","NA","NA","No","","{3F7234F5-ADC5-4ED1-A30F-48481FD04146}","checker","2020-02-25 11:01:33","checker","2020-02-25 11:01:33","pauls@sccwrp.org","SMC","2019","ABCL","OCWMPU"
129,"SMC00873","2019-05-10 00:00:00","11:53","12:08","33.59667000","-117.62821000","WGS84","Karin Wisenbaker","Tijeras Creek","San Juan Creek","Moderate","Moderate","Natural","Probabilistic","Yes","100.00000000","5.50000000","7.50000000","5.00000000","11.00000000","9.00000000","12.50000000","No","0.00000000","0.00000000","1.00000000","0.00000000","No","NA","No","","{931A3D1F-D8F7-4146-BBC2-9C2072900BB0}","checker","2020-02-25 11:01:33","checker","2020-02-25 11:01:33","pauls@sccwrp.org","SMC","2019","ABCL","OCWMPU"
130,"SMC00702","2019-06-06 00:00:00","11:11","11:17","33.87835000","-118.00531000","WGS84","Alexis Wallengren, Shelby Palasik","Brea Creek","San Gabriel","Hard","Hard","Concrete","Probabilistic","Yes","30.00000000","2.40000000","2.50000000","2.25000000","14.00000000","14.00000000","14.00000000","No","0.00000000","0.00000000","0.00000000","0.00000000","NA","NA","No","","{023FA6AE-0404-40E6-93C7-2F31986F762B}","checker","2020-02-25 11:01:33","checker","2020-02-25 11:01:33","pauls@sccwrp.org","SMC","2019","ABCL","OCWMPU"
131,"SMC01726","2019-06-06 00:00:00","09:52","10:06","33.86403000","-117.98493000","WGS84","Alexis Wallengren, Shelby Palasik","Fullerton Creek","San Gabriel","Moderate","Moderate","Concrete","Probabilistic","Yes","30.00000000","2.20000000","2.20000000","3.15000000","5.00000000","5.00000000","5.00000000","No","0.00000000","1.00000000","0.00000000","0.00000000","Yes","<50","No","","{89B34961-AA8A-47E4-8C43-05BDD30F6ED5}","checker","2020-02-25 11:01:33","checker","2020-02-25 11:01:33","pauls@sccwrp.org","SMC","2019","ABCL","OCWMPU"
132,"845PS0011","2019-06-06 00:00:00","08:14","08:20","33.88018000","-117.89819000","WGS84","Alexis Wallengren, Shelby Palasik","Fullerton Creek","San Gabriel","Moderate","Moderate","Concrete","Probabilistic","Yes","30.00000000","2.85000000","2.30000000","2.20000000","6.00000000","6.00000000","6.00000000","No","0.00000000","0.00000000","0.00000000","0.00000000","NA","NA","No","","{4E148451-1804-482B-8B66-5B63D5D18D5E}","checker","2020-02-25 11:01:33","checker","2020-02-25 11:01:33","pauls@sccwrp.org","SMC","2019","ABCL","OCWMPU"
133,"801M12684","2019-06-04 00:00:00","11:55","12:24","33.75108000","-118.04110000","WGS84","Alexis Wallengren, Shelby Palasik","Anaheim-Barber City Channel","Anaheim Bay","Moderate","Moderate","Concrete","Probabilistic","Yes","30.00000000","3.10000000","3.00000000","3.20000000","22.00000000","22.00000000","22.00000000","No","0.00000000","0.00000000","0.00000000","0.00000000","NA","NA","No","","{84D6BF2E-6166-43AC-A917-6A7D26D75273}","checker","2020-02-25 11:01:33","checker","2020-02-25 11:01:33","pauls@sccwrp.org","SMC","2019","ABCL","OCWMPU"
134,"SMC00105","2019-05-10 00:00:00","08:35","08:52","33.74718000","-117.58386000","WGS84","Karin Wisenbaker","Silverado Creek","Santa Ana","Moderate","Hard","Natural","Probabilistic","Yes","100.00000000","0.70000000","1.60000000","2.50000000","4.00000000","5.50000000","5.00000000","No","0.00000000","0.00000000","0.00000000","0.00000000","NA","NA","NA","","{EBD6C404-DAFB-4EA5-A189-09365A9694DE}","checker","2020-02-25 11:01:33","checker","2020-02-25 11:01:33","pauls@sccwrp.org","SMC","2019","ABCL","OCWMPU"
135,"801M12678","2019-04-25 00:00:00","09:45","10:00","33.79482000","-117.70491000","WGS84","Alexis Wallengren","Fremont Canyon","Santa Ana","Hard","Hard","Natural","Probabilistic","Yes","30.00000000","1.80000000","1.28000000","1.10000000","7.00000000","8.50000000","8.50000000","No","0.00000000","0.00000000","0.00000000","0.00000000","NA","NA","No","","{6C530CCC-B91E-4963-B5E2-DF5ABA32CDA6}","checker","2020-02-25 11:01:33","checker","2020-02-25 11:01:33","pauls@sccwrp.org","SMC","2019","ABCL","OCWMPU"
136,"801M12675","2019-04-23 00:00:00","14:03","14:28","33.81262000","-117.85842000","WGS84","Karin Wisenbaker","Collins Channel","Santa Ana","Hard","Hard","Earthen","Probabilistic","Yes","30.00000000","2.20000000","1.50000000","2.20000000","5.50000000","5.50000000","5.50000000","No","0.00000000","0.00000000","0.00000000","0.00000000","NA","NA","No","","{0991A9E2-8CD7-48ED-A090-23BA26B79891}","checker","2020-02-25 11:01:33","checker","2020-02-25 11:01:33","pauls@sccwrp.org","SMC","2019","ABCL","OCWMPU"
137,"SMC00544","2019-06-27 00:00:00","00:00","00:01","34.14747000","-117.74081000","WGS84","Karin Wisenbaker, Shelby Palasik","Marshall Canyon","San Gabriel","Hard","Moderate","Natural","Probabilistic","Yes","30.00000000","1.10000000","1.00000000","0.60000000","8.00000000","7.50000000","9.00000000","No","0.00000000","0.00000000","0.00000000","0.00000000","NA","NA","No","","{FA381273-6841-4060-910E-AC31F5AC15F6}","checker","2020-02-25 11:04:25","checker","2020-02-25 11:04:25","pauls@sccwrp.org","SMC","2019","ABCL","SGRRMP"
138,"SMC00608","2019-07-22 00:00:00","08:15","08:20","34.12336000","-117.90224000","WGS84","Alexis Wallengren, Shelby Palasik","Little Dalton Wash","San Gabriel","Moderate","Moderate","Concrete","Probabilistic","Yes","30.00000000","7.50000000","7.50000000","7.50000000","7.50000000","7.50000000","7.50000000","No","0.00000000","0.00000000","0.00000000","0.00000000","NA","NA","No","","{412B41E8-CBC1-4C14-8BFB-B74B8FE5B78A}","checker","2020-02-25 11:04:25","checker","2020-02-25 11:04:25","pauls@sccwrp.org","SMC","2019","ABCL","SGRRMP"
139,"SMC20032","2019-07-22 00:00:00","11:30","11:35","33.87493000","-118.10712000","WGS84","Alexis Wallengren, Shelby Palasik","San Gabriel River","San Gabriel","Easy","Easy","Concrete","Probabilistic","Yes","30.00000000","4.75000000","4.75000000","4.75000000","30.00000000","30.00000000","30.00000000","No","0.00000000","0.00000000","0.00000000","0.00000000","NA","NA","No","","{1DC9FC85-0BCC-449B-9A91-CCCF3EE0C67E}","checker","2020-02-25 11:04:25","checker","2020-02-25 11:04:25","pauls@sccwrp.org","SMC","2019","ABCL","SGRRMP"
140,"SMC12862","2019-07-22 00:00:00","13:30","13:40","33.92077000","-118.11153000","WGS84","Alexis Wallengren, Shelby Palasik","San Gabriel River","San Gabriel","Easy","Easy","Concrete","Probabilistic","Yes","30.00000000","2.30000000","3.25000000","3.25000000","40.00000000","40.00000000","40.00000000","No","0.00000000","0.00000000","0.00000000","0.00000000","NA","NA","No","","{0C0767D6-C714-4A13-8FA1-5E9E871528A4}","checker","2020-02-25 11:04:25","checker","2020-02-25 11:04:25","pauls@sccwrp.org","SMC","2019","ABCL","SGRRMP"
141,"SMC03280","2019-07-24 00:00:00","11:10","11:35","34.25432000","-117.85785000","WGS84","Karin Wisenbaker, Shelby Palasik","N. Fork San Gabriel River","San Gabriel","Moderate","Easy","Natural","Probabilistic","Yes","30.00000000","4.50000000","2.85000000","3.50000000","7.00000000","5.00000000","6.00000000","No","0.00000000","0.00000000","0.00000000","0.00000000","NA","NA","No","","{DD2429E8-F00E-43CA-9E4F-99DC305F5B3B}","checker","2020-02-25 11:04:25","checker","2020-02-25 11:04:25","pauls@sccwrp.org","SMC","2019","ABCL","SGRRMP"
142,"SMC03216","2019-07-24 00:00:00","08:00","08:35","34.27999000","-117.84180000","WGS84","Karin Wisenbaker, Shelby Palasik","N. Fork San Gabriel River","San Gabriel","Moderate","Hard","Natural","Probabilistic","Yes","30.00000000","4.40000000","5.00000000","6.50000000","14.00000000","10.00000000","16.00000000","No","0.00000000","0.00000000","0.00000000","0.00000000","NA","NA","No","","{66C1122E-D4FB-40E3-9D9D-8124B2A8C890}","checker","2020-02-25 11:04:25","checker","2020-02-25 11:04:25","pauls@sccwrp.org","SMC","2019","ABCL","SGRRMP"
143,"405CE0280","2019-08-05 00:00:00","08:40","08:45","34.23200000","-117.74850000","WGS84","Alexis Wallengren, Shelby Palasik","Cattle Canyon","San Gabriel","Hard","Hard","Natural","Probabilistic","Yes","30.00000000","4.15000000","1.75000000","4.10000000","5.00000000","11.00000000","10.50000000","No","0.00000000","0.00000000","0.00000000","0.00000000","NA","NA","No","","{CBF178BB-FEFA-459D-8A1F-79797DD3B3E2}","checker","2020-02-25 11:04:25","checker","2020-02-25 11:04:25","pauls@sccwrp.org","SMC","2019","ABCL","SGRRMP"
144,"SMC01260","2019-08-05 00:00:00","12:55","13:05","34.06505000","-117.97488000","WGS84","Alexis Wallengren, Shelby Palasik","Walnut Creek","San Gabriel","Moderate","Moderate","Concrete","Probabilistic","Yes","30.00000000","5.00000000","5.00000000","5.00000000","34.00000000","34.00000000","34.00000000","No","0.00000000","0.00000000","0.00000000","0.00000000","NA","NA","No","","{95C4106A-BF50-4D5D-ADCD-809F75493041}","checker","2020-02-25 11:04:25","checker","2020-02-25 11:04:25","pauls@sccwrp.org","SMC","2019","ABCL","SGRRMP"
145,"SMC00686","2019-08-07 00:00:00","08:24","08:40","34.03394000","-117.83884000","WGS84","Karin Wisenbaker, Shelby Palasik","Snow Creek Park","San Gabriel","Easy","Easy","Natural","Probabilistic","Yes","30.00000000","2.70000000","4.50000000","3.50000000","4.00000000","4.50000000","4.50000000","No","1.00000000","0.00000000","0.00000000","0.00000000","No","NA","No","","{3AA7FB38-A281-44EB-9F4E-641D2218FEB7}","checker","2020-02-25 11:04:25","checker","2020-02-25 11:04:25","pauls@sccwrp.org","SMC","2019","ABCL","SGRRMP"
146,"SMC01248","2019-08-08 00:00:00","09:15","09:20","34.25872000","-117.74604000","WGS84","Alexis Wallengren, Shelby Palasik","E. Fork SGR Tributary","San Gabriel","Hard","Hard","Natural","Probabilistic","Yes","30.00000000","1.00000000","0.40000000","0.20000000","3.00000000","4.00000000","3.50000000","No","0.00000000","0.00000000","0.00000000","0.00000000","NA","NA","No","","{DB0F219B-5F6E-474C-BB78-EBB0C01BF0FA}","checker","2020-02-25 11:04:25","checker","2020-02-25 11:04:25","pauls@sccwrp.org","SMC","2019","ABCL","SGRRMP"
147,"SMC03452","2019-08-15 00:00:00","09:30","10:00","34.30045000","-117.83268000","WGS84","Karin Wisenbaker","Rockbound Canyon","San Gabriel","Moderate","Moderate","Natural","Probabilistic","Yes","30.00000000","1.50000000","0.95000000","3.20000000","10.00000000","10.00000000","8.00000000","No","0.00000000","0.00000000","0.00000000","0.00000000","NA","NA","NA","","{C2EC3264-6E07-400D-95B4-2977CB282EA7}","checker","2020-02-25 11:04:25","checker","2020-02-25 11:04:25","pauls@sccwrp.org","SMC","2019","ABCL","SGRRMP"
148,"408M03100","2019-05-09 00:00:00","12:24","23:59","34.18106000","-119.08733000","WGS84","Karin Wisenbaker, Kelly Hahs","Houwelings","Calleguas","Moderate","Moderate","Earthen","Probabilistic","Yes","30.00000000","1.15000000","1.20000000","2.00000000","4.00000000","5.00000000","4.00000000","No","0.00000000","0.00000000","0.00000000","0.00000000","NA","NA","No","Very tough to walk at this site, did not time, done in conjunction w/ Phab","{64C8F423-9D43-47EA-8219-95C852076A14}","checker","2020-02-25 11:17:43","checker","2020-02-25 11:17:43","pauls@sccwrp.org","SMC","2019","ABCL","VCWPD"
149,"404M04674","2019-05-09 00:00:00","08:38","09:00","34.14705000","-118.84936000","WGS84","Karin Wisenbaker","Portrero Valley Creek","Santa Monica Bay","Moderate","Moderate","Earthen","Probabilistic","Yes","30.00000000","20.00000000","19.50000000","20.00000000","24.00000000","24.00000000","24.00000000","No","0.00000000","0.00000000","0.00000000","0.00000000","NA","NA","No","Channel Type has Rip Rap","{A9C85097-9C75-4B0B-921E-20F2589C6CBC}","checker","2020-02-25 11:17:43","checker","2020-02-25 11:17:43","pauls@sccwrp.org","SMC","2019","ABCL","VCWPD"
150,"SMC00047","2019-05-15 00:00:00","08:00","08:05","34.26263000","-119.15083000","WGS84","Alexis Wallengren","Santa Clara River","Santa Clara","Moderate","Moderate","Natural","Probabilistic","Yes","50.00000000","40.00000000","33.00000000","30.00000000","75.00000000","70.00000000","70.00000000","No","0.00000000","0.00000000","0.00000000","0.00000000","NA","NA","No","","{6460DF02-A236-4CA4-8E81-6DA088D7B431}","checker","2020-02-25 11:17:43","checker","2020-02-25 11:17:43","pauls@sccwrp.org","SMC","2019","ABCL","VCWPD"
151,"403M01580","2019-05-15 00:00:00","10:15","10:20","34.23482000","-119.22867000","WGS84","Alexis Wallengren","Santa Clara River","Santa Clara","Hard","Hard","Natural","Probabilistic","Yes","50.00000000","12.00000000","15.00000000","21.00000000","25.00000000","25.00000000","23.00000000","No","0.00000000","0.00000000","0.00000000","0.00000000","NA","NA","No","","{9F04C83C-7993-460C-B166-FD09026AC566}","checker","2020-02-25 11:17:43","checker","2020-02-25 11:17:43","pauls@sccwrp.org","SMC","2019","ABCL","VCWPD"
152,"403M01560","2019-05-15 00:00:00","13:20","13:35","34.23473000","-119.21513000","WGS84","Bill Carey, Alexis Wallengren","Santa Clara River","Santa Clara","Moderate","Moderate","Natural","Probabilistic","Yes","50.00000000","30.00000000","25.00000000","25.00000000","35.00000000","30.00000000","29.00000000","No","0.00000000","0.00000000","0.00000000","0.00000000","NA","NA","No","","{C9A4686C-D954-4128-957D-C75E547B8FF2}","checker","2020-02-25 11:17:43","checker","2020-02-25 11:17:43","pauls@sccwrp.org","SMC","2019","ABCL","VCWPD"
153,"402M00058","2019-06-10 00:00:00","13:26","14:00","34.44709000","-119.44704000","WGS84","Karin Wisenbaker, Alexis Wallengren","Ventura River","Ventura","Moderate","Moderate","Natural","Probabilistic","Yes","50.00000000","39.00000000","35.00000000","35.00000000","42.00000000","42.00000000","42.00000000","No","0.00000000","0.00000000","0.00000000","0.00000000","NA","NA","No","","{7F572FF7-EA74-439B-9901-A4DB6A694234}","checker","2020-02-25 11:17:43","checker","2020-02-25 11:17:43","pauls@sccwrp.org","SMC","2019","ABCL","VCWPD"
154,"402M00110","2019-06-10 00:00:00","10:45","11:00","34.42541000","-119.30264000","WGS84","Karin Wisenbaker, Kelly Hahs","Ventura River","Ventura","Moderate","Moderate","Earthen","Probabilistic","Yes","30.00000000","35.00000000","36.00000000","23.00000000","48.00000000","58.00000000","40.00000000","No","0.00000000","0.00000000","0.00000000","0.00000000","NA","NA","No","","{0DA9A0E6-FDB0-4ED2-AED4-308150BE74CE}","checker","2020-02-25 11:17:43","checker","2020-02-25 11:17:43","pauls@sccwrp.org","SMC","2019","ABCL","VCWPD"
155,"402M00127","2019-06-10 00:00:00","08:10","08:53","34.42536000","-119.26172000","WGS84","Karin Wisenbaker, Alexis Wallengren","San Antonio","Ventura","Hard","Easy","Natural","Probabilistic","Yes","30.00000000","5.75000000","5.30000000","4.45000000","8.50000000","10.00000000","9.50000000","No","0.00000000","0.00000000","0.00000000","0.00000000","NA","NA","No","","{16A2C5FF-17C8-4AF0-893F-CC34A70E67B4}","checker","2020-02-25 11:17:43","checker","2020-02-25 11:17:43","pauls@sccwrp.org","SMC","2019","ABCL","VCWPD"
156,"SMC00660","2019-06-17 00:00:00","08:06","08:10","34.26788000","-118.93836000","WGS84","Alexis Wallengren","Arroyo Las Posas","Calleguas","Moderate","Moderate","Natural","Probabilistic","Yes","30.00000000","13.00000000","12.00000000","14.00000000","14.00000000","13.00000000","15.00000000","No","0.00000000","0.00000000","0.00000000","0.00000000","NA","NA","No","","{B6079AB4-B6A7-46E4-BCB6-65CB75D9998A}","checker","2020-02-25 11:17:43","checker","2020-02-25 11:17:43","pauls@sccwrp.org","SMC","2019","ABCL","VCWPD"
157,"408M03051","2019-06-17 00:00:00","10:29","10:33","34.26725000","-118.94463000","WGS84","Alexis Wallengren","Arroyo Las Posas","Calleguas","Hard","Hard","Natural","Probabilistic","Yes","30.00000000","6.00000000","4.50000000","5.00000000","7.00000000","10.00000000","13.00000000","No","0.00000000","0.00000000","0.00000000","0.00000000","NA","NA","No","","{7C5F8993-2824-44F0-A250-240A5D8BBD14}","checker","2020-02-25 11:17:43","checker","2020-02-25 11:17:43","pauls@sccwrp.org","SMC","2019","ABCL","VCWPD"
158,"ME-SCR2","2019-06-17 00:00:00","14:00","14:20","34.30608000","-119.09618000","WGS84","Alexis Wallengren","Santa Clara River","Santa Clara","Hard","Moderate","Natural","Probabilistic","Yes","50.00000000","16.50000000","14.00000000","14.00000000","20.00000000","15.00000000","17.00000000","No","0.00000000","0.00000000","0.00000000","0.00000000","NA","NA","No","","{9157C748-FE4E-4C7B-8491-47796BDF03E6}","checker","2020-02-25 11:17:43","checker","2020-02-25 11:17:43","pauls@sccwrp.org","SMC","2019","ABCL","VCWPD"
159,"SMC00027","2019-06-18 00:00:00","11:00","11:20","34.66375000","-119.05200000","WGS84","Bill Carey, Alexis Wallengren","Piru Creek","Santa Clara","Hard","Hard","Natural","Probabilistic","Yes","30.00000000","3.30000000","4.00000000","2.15000000","8.00000000","8.50000000","10.00000000","No","0.00000000","0.00000000","0.00000000","0.00000000","NA","NA","No","","{3F8C7A67-B0FD-4812-8D7C-1CAA07D8BE98}","checker","2020-02-25 11:17:43","checker","2020-02-25 11:17:43","pauls@sccwrp.org","SMC","2019","ABCL","VCWPD"
160,"403M01571","2019-06-19 00:00:00","09:20","09:45","34.58629000","-119.27823000","WGS84","Bill Carey, Alexis Wallengren","Sespe Creek","Santa Clara","Hard","Hard","Natural","Probabilistic","Yes","30.00000000","3.50000000","7.00000000","8.50000000","4.00000000","12.50000000","10.00000000","No","0.00000000","0.00000000","0.00000000","0.00000000","NA","NA","No","","{3086E02F-D30D-49D7-9DEF-5009CF53EE0F}","checker","2020-02-25 11:17:43","checker","2020-02-25 11:17:43","pauls@sccwrp.org","SMC","2019","ABCL","VCWPD"
161,"SMC00271","2019-06-19 00:00:00","12:30","12:45","34.54964000","-119.16595000","WGS84","Bill Carey, Alexis Wallengren","Middle Lions Camp","Santa Clara","Easy","Moderate","Natural","Probabilistic","Yes","30.00000000","3.30000000","7.50000000","6.00000000","17.00000000","14.00000000","10.00000000","No","0.00000000","0.00000000","0.00000000","0.00000000","NA","NA","No","","{DE68768F-66CD-40B2-89BB-5C50941BE8C3}","checker","2020-02-25 11:17:43","checker","2020-02-25 11:17:43","pauls@sccwrp.org","SMC","2019","ABCL","VCWPD"
162,"SMC00836","2019-07-25 00:00:00","07:40","07:50","34.19081000","-119.00555000","WGS84","Alexis Wallengren, Shelby Palasik, Kelly Hahs","Conejo Creek","Calleguas","Moderate","Moderate","Natural","Probabilistic","Yes","30.00000000","4.30000000","3.30000000","9.00000000","20.00000000","15.00000000","10.00000000","No","0.00000000","0.00000000","0.00000000","0.00000000","NA","NA","No","","{A0C8F273-D49B-4B72-8B9B-7A5BED696ACC}","checker","2020-02-25 11:17:43","checker","2020-02-25 11:17:43","pauls@sccwrp.org","SMC","2019","ABCL","VCWPD"
163,"408M03111","2019-07-25 00:00:00","10:45","10:50","34.17988000","-119.03465000","WGS84","Shelby Palasik","Calleguas Creek","Calleguas","Moderate","Hard","Natural","Probabilistic","Yes","30.00000000","9.50000000","13.50000000","8.50000000","20.00000000","20.00000000","20.00000000","No","0.00000000","0.00000000","0.00000000","0.00000000","NA","NA","No","","{D1DF5B37-ACFB-48F5-B745-454B5F2D0FFF}","checker","2020-02-25 11:17:43","checker","2020-02-25 11:17:43","pauls@sccwrp.org","SMC","2019","ABCL","VCWPD"
164,"ME-CC","2019-07-25 00:00:00","13:05","13:10","34.18017000","-119.04137000","WGS84","Shelby Palasik","Calleguas Creek","Calleguas","Moderate","Moderate","Natural","Probabilistic","Yes","30.00000000","3.50000000","2.50000000","1.10000000","4.00000000","3.00000000","5.00000000","No","0.00000000","0.00000000","0.00000000","0.00000000","NA","NA","No","","{F50172C9-9CBD-4C28-98B5-82451FEB12EF}","checker","2020-02-25 11:17:43","checker","2020-02-25 11:17:43","pauls@sccwrp.org","SMC","2019","ABCL","VCWPD"
165,"ME-VR2","2019-07-31 00:00:00","08:35","08:55","34.34096000","-119.29811000","WGS84","Karin Wisenbaker, Kelly Hahs","Ventura River","Ventura","Hard","Hard","Earthen","Probabilistic","Yes","30.00000000","12.50000000","13.10000000","10.80000000","17.00000000","17.00000000","17.00000000","No","0.00000000","0.00000000","0.00000000","0.00000000","NA","NA","No","","{CA6C2677-680F-4C1F-94B1-69B3DD78B2D2}","checker","2020-02-25 11:17:43","checker","2020-02-25 11:17:43","pauls@sccwrp.org","SMC","2019","ABCL","VCWPD"
166,"906M23361","2019-04-29 00:00:00","11:00","11:15","32.84373000","-117.21116000","WGS84","John Rudolph, Bill Isham, Kevin Stolzenbach","San Clemente Canyon","San Diego","Moderate","Hard","Natural","Probabilistic","Yes","30.00000000","7.20000000","5.50000000","1.40000000","7.20000000","8.00000000","7.50000000","No","0.00000000","0.00000000","0.00000000","0.00000000","No","NA","No","","{5495E504-E744-4106-A760-E8FA82FB1F4C}","checker","2020-02-25 11:20:35","checker","2020-02-25 11:20:35","pauls@sccwrp.org","SMC","2019","AMEC","SDCDPW"
167,"906M23380","2019-06-04 00:00:00","10:18","10:30","32.78921000","-117.18792000","WGS84","John Rudolph, Bill Isham, Kate Buckley","Tecolote Creek","San Diego","Easy","Easy","Natural","Probabilistic","Yes","30.00000000","1.30000000","6.00000000","7.40000000","2.70000000","8.30000000","8.40000000","No","0.00000000","0.00000000","0.00000000","0.00000000","No","NA","No","In middle of golf course","{E78BA557-3967-47A4-B2F1-6BB0BD331411}","checker","2020-02-25 11:20:35","checker","2020-02-25 11:20:35","pauls@sccwrp.org","SMC","2019","AMEC","SDCDPW"
