"objectid","stationid","sampledate","trawlnumber","samplingorganization","debristype","debriscount","estimatecategory","comments","gdb_geomattr_data","shape","created_user","created_date","last_edited_user","last_edited_date","globalid"
2269,"B18-10231","2018-08-08 00:00:00",1,"City of San Diego","Kelp Stipe/Blade","2.00000000","Not Recorded","Rotted blades",NULL,NULL,"checker","2018-11-29 11:14:07","checker","2018-11-29 11:14:07","{2A423AFE-E72A-4D47-91B2-EE7D71F5551D}"
2270,"B18-10237","2018-08-01 00:00:00",1,"City of San Diego","Cup","1.00000000","Not Recorded","Yogurt container",NULL,NULL,"checker","2018-11-29 11:14:07","checker","2018-11-29 11:14:07","{BF404C77-616B-488F-A49C-5A55838A8BAC}"
2271,"B18-10237","2018-08-01 00:00:00",1,"City of San Diego","Kelp Stipe/Blade","-88.00000000","Moderate","Blades and fragments",NULL,NULL,"checker","2018-11-29 11:14:07","checker","2018-11-29 11:14:07","{CCC5ABB4-EF78-4A40-ABE9-BD9CDF12B89F}"
2272,"B18-10265","2018-08-08 00:00:00",1,"City of San Diego","Other Foliose Algae","-88.00000000","Moderate","",NULL,NULL,"checker","2018-11-29 11:14:07","checker","2018-11-29 11:14:07","{520516B2-6F2E-4154-8A9B-A84D2634F9F1}"
2273,"B18-10266","2018-08-08 00:00:00",1,"City of San Diego","Kelp Stipe/Blade","-88.00000000","Moderate","Kelp blade fragments",NULL,NULL,"checker","2018-11-29 11:14:07","checker","2018-11-29 11:14:07","{F9A5A5E8-1DA0-4948-89E5-E368F79C0749}"
2274,"B18-10267","2018-08-08 00:00:00",1,"City of San Diego","Kelp Stipe/Blade","3.00000000","Not Recorded","Kelp blade pieces",NULL,NULL,"checker","2018-11-29 11:14:07","checker","2018-11-29 11:14:07","{A01CFA10-4A3B-4314-960B-61FB3F5AEC38}"
2275,"B18-10267","2018-08-08 00:00:00",1,"City of San Diego","Other Foliose Algae","1.00000000","Not Recorded","Piece of Egregia",NULL,NULL,"checker","2018-11-29 11:14:07","checker","2018-11-29 11:14:07","{FF92201D-3248-44BA-AD47-2224E2296D83}"
2276,"B18-10267","2018-08-08 00:00:00",1,"City of San Diego","Can - other","1.00000000","Not Recorded","Can fragment",NULL,NULL,"checker","2018-11-29 11:14:07","checker","2018-11-29 11:14:07","{4567928E-A2F4-4178-BF03-733E5C60755B}"
2277,"B18-10269","2018-08-07 00:00:00",1,"City of San Diego","Other Plastic (comment req.)","1.00000000","Not Recorded","PVC pipe (1.2 kg)",NULL,NULL,"checker","2018-11-29 11:14:07","checker","2018-11-29 11:14:07","{F1957724-DDDB-4E0B-A3FF-2F05299B886D}"
2278,"B18-10269","2018-08-07 00:00:00",1,"City of San Diego","Other Metal (comment req.)","1.00000000","Not Recorded","Tea pot - aluminum (0.3 kg)",NULL,NULL,"checker","2018-11-29 11:14:07","checker","2018-11-29 11:14:07","{021AFAA4-0F9C-4C0E-9E8F-4CFAEFC156E1}"
2279,"B18-10277","2018-08-01 00:00:00",1,"City of San Diego","Kelp Stipe/Blade","-88.00000000","Moderate","Blades; few fragments",NULL,NULL,"checker","2018-11-29 11:14:07","checker","2018-11-29 11:14:07","{56CD0533-A8E2-4ECA-A26C-CF0C07587809}"
2280,"B18-10278","2018-08-01 00:00:00",1,"City of San Diego","Foliose Algae - not kelp","-88.00000000","Moderate","Fragments",NULL,NULL,"checker","2018-11-29 11:14:07","checker","2018-11-29 11:14:07","{7173AC7F-0FC8-4DAD-98D8-A84799FD29EF}"
2281,"B18-10278","2018-08-01 00:00:00",1,"City of San Diego","Kelp Holdfast","2.00000000","Not Recorded","",NULL,NULL,"checker","2018-11-29 11:14:07","checker","2018-11-29 11:14:07","{CA2E2373-1060-4EF2-8B0E-FED26576DBD6}"
2282,"B18-10278","2018-08-01 00:00:00",1,"City of San Diego","Kelp Stipe/Blade","-88.00000000","Moderate","Fragments",NULL,NULL,"checker","2018-11-29 11:14:07","checker","2018-11-29 11:14:07","{E88755F7-50E2-45A7-BA4D-EE534A174315}"
2283,"B18-10320","2018-09-06 00:00:00",1,"City of San Diego","Plastic Piece (unid.)","1.00000000","Not Recorded","Fish tag; Photo taken",NULL,NULL,"checker","2018-11-29 11:14:07","checker","2018-11-29 11:14:07","{44658854-C4C5-4790-9345-6238BB3E0EA4}"
2284,"B18-10348","2018-08-09 00:00:00",1,"City of San Diego","Food Bag/Wrapper","1.00000000","Not Recorded","Foil on one side balloon (photo taken)",NULL,NULL,"checker","2018-11-29 11:14:07","checker","2018-11-29 11:14:07","{C5639C15-4541-4CFE-8DAA-52D7C194EC06}"
2285,"B18-10348","2018-08-09 00:00:00",1,"City of San Diego","Plastic Piece (unid.)","1.00000000","Not Recorded","Electrical tape (photo taken)",NULL,NULL,"checker","2018-11-29 11:14:07","checker","2018-11-29 11:14:07","{F9745ABD-3AA1-4D0D-A6AF-44A1ED5245B2}"
2287,"B18-10350","2018-09-05 00:00:00",1,"City of San Diego","Plastic Piece (unid.)","1.00000000","Not Recorded","Small",NULL,NULL,"checker","2018-11-29 11:14:07","checker","2018-11-29 11:14:07","{E64F9521-EFE2-4DD5-9271-777FC3BC3178}"
2288,"B18-10351","2018-09-06 00:00:00",1,"City of San Diego","Food Bag/Wrapper","1.00000000","Not Recorded","Small piece (1"" x 1""); Photo taken",NULL,NULL,"checker","2018-11-29 11:14:07","checker","2018-11-29 11:14:07","{9DF671BE-7969-4DA6-B3F3-9592678A694E}"
2289,"B18-10351","2018-09-06 00:00:00",1,"City of San Diego","Rag/Cloth","2.00000000","Not Recorded","Cotton; Rib knit; Photo taken",NULL,NULL,"checker","2018-11-29 11:14:07","checker","2018-11-29 11:14:07","{D8FE6EC8-E09B-4D72-8C15-F0CED021466D}"
2290,"B18-10351","2018-09-06 00:00:00",1,"City of San Diego","Other Misc. (comment req.)","1.00000000","Not Recorded","49 cm; Cotton rope",NULL,NULL,"checker","2018-11-29 11:14:07","checker","2018-11-29 11:14:07","{18B72B91-2098-48D2-8CCD-65F257CD4030}"
2291,"B18-10875","2018-08-09 00:00:00",1,"City of San Diego","Kelp Stipe/Blade","1.00000000","Not Recorded","Fragments",NULL,NULL,"checker","2018-11-29 11:14:07","checker","2018-11-29 11:14:07","{CBAEF7AC-4995-4E54-A90F-237A2F69E647}"
2292,"B18-10879","2018-09-07 00:00:00",1,"City of San Diego","Food Bag/Wrapper","1.00000000","Not Recorded","",NULL,NULL,"checker","2018-11-29 11:14:07","checker","2018-11-29 11:14:07","{2012D83F-AA10-4236-9D76-293544696410}"
2293,"B18-10879","2018-09-07 00:00:00",1,"City of San Diego","Foliose Algae - not kelp","-88.00000000","Moderate","Bryozoan mat",NULL,NULL,"checker","2018-11-29 11:14:07","checker","2018-11-29 11:14:07","{175CBB5F-F1D8-439B-A7D6-15163FFB5D5E}"
2294,"B18-10879","2018-09-07 00:00:00",1,"City of San Diego","Kelp Stipe/Blade","2.00000000","Not Recorded","",NULL,NULL,"checker","2018-11-29 11:14:07","checker","2018-11-29 11:14:07","{0D359DB6-45AE-4C23-A515-57687DBB7894}"
2295,"B18-10879","2018-09-07 00:00:00",1,"City of San Diego","Seagrass","-88.00000000","Moderate","",NULL,NULL,"checker","2018-11-29 11:14:07","checker","2018-11-29 11:14:07","{1833F309-0CA6-43F2-BCB7-09BBB26619BF}"
2296,"B18-10925","2018-08-09 00:00:00",1,"City of San Diego","Kelp Stipe/Blade","1.00000000","Not Recorded","Small fragments",NULL,NULL,"checker","2018-11-29 11:14:07","checker","2018-11-29 11:14:07","{9AB576DF-6462-4288-B659-F0F31469872B}"
2297,"B18-10930","2018-09-05 00:00:00",1,"City of San Diego","Kelp Stipe/Blade","1.00000000","Not Recorded","",NULL,NULL,"checker","2018-11-29 11:14:07","checker","2018-11-29 11:14:07","{9B7A34A7-21D6-4A9D-8EA3-58410970FFA3}"
2298,"B18-10989","2018-09-05 00:00:00",1,"City of San Diego","Bag","1.00000000","Not Recorded","",NULL,NULL,"checker","2018-11-29 11:14:07","checker","2018-11-29 11:14:07","{26758289-D784-424D-9C02-41F06AC81C06}"
2299,"B18-10989","2018-09-05 00:00:00",1,"City of San Diego","Glass Bottle/Jar -other","1.00000000","Not Recorded","",NULL,NULL,"checker","2018-11-29 11:14:07","checker","2018-11-29 11:14:07","{434FAD63-2647-41B4-A958-F4F1C8F495ED}"
2300,"B18-10989","2018-09-05 00:00:00",1,"City of San Diego","Paper","2.00000000","Not Recorded","",NULL,NULL,"checker","2018-11-29 11:14:07","checker","2018-11-29 11:14:07","{6A177741-9B88-4E78-8ACE-69F49785FAD9}"
2301,"B18-10992","2018-09-07 00:00:00",1,"City of San Diego","Other Marine (comment req.)","68.00000000","Not Recorded","Encrusting coral",NULL,NULL,"checker","2018-11-29 11:14:07","checker","2018-11-29 11:14:07","{D4A73DF9-EE3D-4DD8-94A2-CA5D965F4A01}"
2302,"B18-10992","2018-09-07 00:00:00",1,"City of San Diego","Other Metal (comment req.)","100.00000000","Not Recorded","Count is a very rough estimate; Aluminum plane pieces (20.3 kg)",NULL,NULL,"checker","2018-11-29 11:14:07","checker","2018-11-29 11:14:07","{76C04111-49CE-49D3-9DF1-C73476C20E4A}"
2303,"B18-11032","2018-08-09 00:00:00",1,"City of San Diego","None","0.00000000","Not Recorded","No problem with trawl",NULL,NULL,"checker","2018-11-29 11:14:07","checker","2018-11-29 11:14:07","{694A4458-86F1-401B-93F9-772A59C02ACE}"
2304,"B18-10000","2018-07-19 00:00:00",1,"City of Los Angeles Environmental Monitoring Division","Kelp Stipe/Blade","1.00000000","Not Recorded","1 Egregia strand",NULL,NULL,"checker","2018-11-29 15:43:38","checker","2018-11-29 15:43:38","{06B84320-F6B3-45BF-9542-28401B0BE7D3}"
2305,"B18-10001","2018-07-19 00:00:00",1,"City of Los Angeles Environmental Monitoring Division","None","0.00000000","Not Recorded","No problems with trawl",NULL,NULL,"checker","2018-11-29 15:43:38","checker","2018-11-29 15:43:38","{817972B3-35BB-4687-866B-FC764C8AAB51}"
2306,"B18-10002","2018-07-30 00:00:00",1,"City of Los Angeles Environmental Monitoring Division","Kelp Stipe/Blade","1.00000000","Not Recorded","1 blade of Macrocystis",NULL,NULL,"checker","2018-11-29 15:43:38","checker","2018-11-29 15:43:38","{43EE7139-A1C6-4776-8820-B6232A9DF5AB}"
2307,"B18-10003","2018-07-19 00:00:00",1,"City of Los Angeles Environmental Monitoring Division","Kelp Stipe/Blade","1.00000000","Not Recorded","1 apical end of Macrocystis",NULL,NULL,"checker","2018-11-29 15:43:38","checker","2018-11-29 15:43:38","{16675F4B-2335-42E9-9FCE-5FEA590B3C9B}"
2308,"B18-10003","2018-07-19 00:00:00",1,"City of Los Angeles Environmental Monitoring Division","Food Bag/Wrapper","1.00000000","Not Recorded","1 small piece",NULL,NULL,"checker","2018-11-29 15:43:38","checker","2018-11-29 15:43:38","{F8ADD499-73CC-407B-ACC6-9D166393C179}"
2309,"B18-10004","2018-07-19 00:00:00",1,"City of Los Angeles Environmental Monitoring Division","None","0.00000000","Not Recorded","No problems with trawl",NULL,NULL,"checker","2018-11-29 15:43:38","checker","2018-11-29 15:43:38","{FA20C41D-5496-47F3-A565-DEBD6F1B5968}"
2310,"B18-10005","2018-07-17 00:00:00",1,"City of Los Angeles Environmental Monitoring Division","Kelp Stipe/Blade","2.00000000","Not Recorded","2 pieces of Macrocystis",NULL,NULL,"checker","2018-11-29 15:43:38","checker","2018-11-29 15:43:38","{C72E023A-FA11-45E6-9653-FC3AE5BDB3E0}"
2311,"B18-10005","2018-07-17 00:00:00",1,"City of Los Angeles Environmental Monitoring Division","Stick/Branch/Driftwood","1.00000000","Not Recorded","1 stick",NULL,NULL,"checker","2018-11-29 15:43:38","checker","2018-11-29 15:43:38","{DC77FD31-0D04-4472-A903-30D81D8840E3}"
2312,"B18-10006","2018-07-17 00:00:00",1,"City of Los Angeles Environmental Monitoring Division","None","0.00000000","Not Recorded","No problems with trawl",NULL,NULL,"checker","2018-11-29 15:43:38","checker","2018-11-29 15:43:38","{B6411EB0-52D2-4729-A693-620C5016EB2D}"
2313,"B18-10007","2018-07-19 00:00:00",1,"City of Los Angeles Environmental Monitoring Division","Kelp Stipe/Blade","3.00000000","Not Recorded","2 small pieces of Macrocystis, 1 small piece of other brown algae",NULL,NULL,"checker","2018-11-29 15:43:38","checker","2018-11-29 15:43:38","{8CE85E99-EC81-4B55-843B-2EA0C26D8379}"
2314,"B18-10007","2018-07-19 00:00:00",1,"City of Los Angeles Environmental Monitoring Division","Bag","1.00000000","Not Recorded","1 broken down piece of a grocery bag",NULL,NULL,"checker","2018-11-29 15:43:38","checker","2018-11-29 15:43:38","{AEA12901-74BF-4999-938B-A4A2A090CE2D}"
2315,"B18-10007","2018-07-19 00:00:00",1,"City of Los Angeles Environmental Monitoring Division","Tire","1.00000000","Not Recorded","16"" car tire from a tug boat",NULL,NULL,"checker","2018-11-29 15:43:38","checker","2018-11-29 15:43:38","{782CC565-ADD0-4A32-8BE7-D1CD55554604}"
2316,"B18-10008","2018-07-17 00:00:00",1,"City of Los Angeles Environmental Monitoring Division","Kelp Stipe/Blade","1.00000000","Not Recorded","Single strand of Egregia",NULL,NULL,"checker","2018-11-29 15:43:38","checker","2018-11-29 15:43:38","{F56F046A-2F2D-4381-B7A7-235737F184AF}"
2317,"B18-10008","2018-07-17 00:00:00",1,"City of Los Angeles Environmental Monitoring Division","Foliose Algae - not kelp","1.00000000","Not Recorded","Degraded green algae",NULL,NULL,"checker","2018-11-29 15:43:38","checker","2018-11-29 15:43:38","{1E4914CB-1ACE-4C25-B5CD-F10B23380E18}"
2318,"B18-10008","2018-07-17 00:00:00",1,"City of Los Angeles Environmental Monitoring Division","Food Bag/Wrapper","1.00000000","Not Recorded","1980 Ruffles Cheddar & Sour Cream potato chip bag - 1.125 oz ",NULL,NULL,"checker","2018-11-29 15:43:38","checker","2018-11-29 15:43:38","{A61281D4-3E84-46F4-AB78-4C626ACF1188}"
2319,"B18-10008","2018-07-17 00:00:00",1,"City of Los Angeles Environmental Monitoring Division","Drink Can","1.00000000","Not Recorded","Old Budweiser shredded can",NULL,NULL,"checker","2018-11-29 15:43:38","checker","2018-11-29 15:43:38","{19255333-F250-47A7-9D49-B13F80BF5727}"
2320,"B18-10011","2018-08-01 00:00:00",1,"City of Los Angeles Environmental Monitoring Division","Kelp Stipe/Blade","1.00000000","Not Recorded","Macrocystis blade",NULL,NULL,"checker","2018-11-29 15:43:38","checker","2018-11-29 15:43:38","{D0D8FB0E-5C51-4387-894F-E8341EF8BB37}"
2321,"B18-10012","2018-07-17 00:00:00",1,"City of Los Angeles Environmental Monitoring Division","Bag","1.00000000","Not Recorded","1 dog poop bag",NULL,NULL,"checker","2018-11-29 15:43:38","checker","2018-11-29 15:43:38","{1E0E6910-5DBF-477A-8969-B9882811AFF8}"
2322,"B18-10012","2018-07-17 00:00:00",1,"City of Los Angeles Environmental Monitoring Division","Fishing Line/Net","2.00000000","Not Recorded","2 pieces of fishing line",NULL,NULL,"checker","2018-11-29 15:43:38","checker","2018-11-29 15:43:38","{E9AB0645-FC09-4CC6-97B4-F975ADB4ABCA}"
2323,"B18-10012","2018-07-17 00:00:00",1,"City of Los Angeles Environmental Monitoring Division","Foliose Algae - not kelp","-88.00000000","High","Red and green algae",NULL,NULL,"checker","2018-11-29 15:43:38","checker","2018-11-29 15:43:38","{C214DA20-D391-4ADB-B954-642164141A4D}"
2324,"B18-10012","2018-07-17 00:00:00",1,"City of Los Angeles Environmental Monitoring Division","Kelp Stipe/Blade","-88.00000000","High","Macrocystis  ",NULL,NULL,"checker","2018-11-29 15:43:38","checker","2018-11-29 15:43:38","{BE2092BB-285F-417F-947B-F3C0309F8BF1}"
2325,"B18-10012","2018-07-17 00:00:00",1,"City of Los Angeles Environmental Monitoring Division","Seagrass","2.00000000","Not Recorded","2 strands",NULL,NULL,"checker","2018-11-29 15:43:38","checker","2018-11-29 15:43:38","{B2651286-F6AB-41EF-BFC5-1164D82AB097}"
2326,"B18-10218","2018-09-05 00:00:00",1,"City of Los Angeles Environmental Monitoring Division","Kelp Stipe/Blade","9.00000000","Not Recorded","7 blades & stipes of Macrocystis, 1 strand of Egregia, 1 blade of Laminaria",NULL,NULL,"checker","2018-11-29 15:43:38","checker","2018-11-29 15:43:38","{49435270-A1D3-4FB4-8EE2-757E82017034}"
2327,"B18-10218","2018-09-05 00:00:00",1,"City of Los Angeles Environmental Monitoring Division","Foliose Algae - not kelp","1.00000000","Not Recorded","Rhodomenia",NULL,NULL,"checker","2018-11-29 15:43:38","checker","2018-11-29 15:43:38","{6681BA5C-2D1B-4C2C-A05C-8FB885404FCE}"
2328,"B18-10218","2018-09-05 00:00:00",1,"City of Los Angeles Environmental Monitoring Division","Seagrass","4.00000000","Not Recorded","4 strands",NULL,NULL,"checker","2018-11-29 15:43:38","checker","2018-11-29 15:43:38","{83A13F25-742E-49C2-914F-40924FAFC6B5}"
2329,"B18-10218","2018-09-05 00:00:00",1,"City of Los Angeles Environmental Monitoring Division","Other Marine (comment req.)","-88.00000000","High","Thalamoporella californica (Bryozoan), large quantities to explain presence of nudibranchs",NULL,NULL,"checker","2018-11-29 15:43:38","checker","2018-11-29 15:43:38","{3180115D-9B5C-497B-B819-333E58820CDB}"
2330,"B18-10219","2018-09-04 00:00:00",1,"City of Los Angeles Environmental Monitoring Division","Foliose Algae - not kelp","4.00000000","Not Recorded","1 Sargassum, 2 Chondracanthus, 1 Plocamium",NULL,NULL,"checker","2018-11-29 15:43:38","checker","2018-11-29 15:43:38","{234AFF97-77D8-4987-A799-197549DE2B79}"
2331,"B18-10219","2018-09-04 00:00:00",1,"City of Los Angeles Environmental Monitoring Division","Kelp Stipe/Blade","4.00000000","Not Recorded","1 stipe, 3 blades of Macrocystis",NULL,NULL,"checker","2018-11-29 15:43:38","checker","2018-11-29 15:43:38","{5E3CD6F9-9860-4450-B8A7-8DCF2998AA4C}"
2332,"B18-10219","2018-09-04 00:00:00",1,"City of Los Angeles Environmental Monitoring Division","Stick/Branch/Driftwood","1.00000000","Not Recorded","1 stick",NULL,NULL,"checker","2018-11-29 15:43:38","checker","2018-11-29 15:43:38","{E1AAE259-823C-4FA8-95F8-1E1ED6489735}"
2333,"B18-10250","2018-08-21 00:00:00",2,"City of Los Angeles Environmental Monitoring Division","Other Plastic (comment req.)","1.00000000","Not Recorded","Anthropogenic house sponge",NULL,NULL,"checker","2018-11-29 15:43:38","checker","2018-11-29 15:43:38","{836E2E1B-CDA2-4B45-89F7-157290BFBE72}"
2334,"B18-10250","2018-08-21 00:00:00",2,"City of Los Angeles Environmental Monitoring Division","Kelp Stipe/Blade","-88.00000000","Moderate","Egregia strands",NULL,NULL,"checker","2018-11-29 15:43:38","checker","2018-11-29 15:43:38","{69A0CAEA-DCAA-43B1-A2B0-CF79F866AE7C}"
2335,"B18-10253","2018-09-04 00:00:00",1,"City of Los Angeles Environmental Monitoring Division","Polypropylene Rope","1.00000000","Not Recorded","1 small piece",NULL,NULL,"checker","2018-11-29 15:43:38","checker","2018-11-29 15:43:38","{D4DC97A1-7E02-45C7-B9FA-3A89B9F7FB22}"
2336,"B18-10253","2018-09-04 00:00:00",1,"City of Los Angeles Environmental Monitoring Division","Seagrass","5.00000000","Not Recorded","5 strands",NULL,NULL,"checker","2018-11-29 15:43:38","checker","2018-11-29 15:43:38","{97C60D74-709F-4513-90F3-8C485A3AC42E}"
2337,"B18-10254","2018-09-04 00:00:00",1,"City of Los Angeles Environmental Monitoring Division","Kelp Stipe/Blade","2.00000000","Not Recorded","1 blade and 1 stipe of Macrocystis",NULL,NULL,"checker","2018-11-29 15:43:38","checker","2018-11-29 15:43:38","{165BCF94-5CB5-4C56-AF95-DF688CDA8A24}"
2338,"B18-10254","2018-09-04 00:00:00",1,"City of Los Angeles Environmental Monitoring Division","Seagrass","3.00000000","Not Recorded","3 strands",NULL,NULL,"checker","2018-11-29 15:43:38","checker","2018-11-29 15:43:38","{A0969711-35BC-4385-B0AF-CC0AE89138FE}"
2339,"B18-10255","2018-09-18 00:00:00",1,"City of Los Angeles Environmental Monitoring Division","Kelp Stipe/Blade","2.00000000","Not Recorded","1 Macrocystis stipe, 1 very large strand of Egregia (6ft long with 10 branches)",NULL,NULL,"checker","2018-11-29 15:43:38","checker","2018-11-29 15:43:38","{EB079348-BBEE-4D6B-847C-D211575D34F6}"
2340,"B18-10303","2018-08-21 00:00:00",1,"City of Los Angeles Environmental Monitoring Division","Food Bag/Wrapper","3.00000000","Not Recorded","3 pieces of cheetos bag(s?)",NULL,NULL,"checker","2018-11-29 15:43:38","checker","2018-11-29 15:43:38","{F2CB0728-882A-4C38-9879-42C10A7AC0F5}"
2341,"B18-10303","2018-08-21 00:00:00",1,"City of Los Angeles Environmental Monitoring Division","Polypropylene Rope","1.00000000","Not Recorded","1 thick piece",NULL,NULL,"checker","2018-11-29 15:43:38","checker","2018-11-29 15:43:38","{81533E3C-42DA-46C6-9779-D6AED50BA4C8}"
2342,"B18-10303","2018-08-21 00:00:00",1,"City of Los Angeles Environmental Monitoring Division","Kelp Stipe/Blade","6.00000000","Not Recorded","6 blades of Macrocystis",NULL,NULL,"checker","2018-11-29 15:43:38","checker","2018-11-29 15:43:38","{D5ABEF5E-D59C-45AD-96D7-6F20522F15D2}"
2343,"B18-10303","2018-08-21 00:00:00",1,"City of Los Angeles Environmental Monitoring Division","Seagrass","2.00000000","Not Recorded","2 strands",NULL,NULL,"checker","2018-11-29 15:43:38","checker","2018-11-29 15:43:38","{82520FC4-2DB4-4A84-AE60-32046AD6CB40}"
2344,"B18-10303","2018-08-21 00:00:00",1,"City of Los Angeles Environmental Monitoring Division","Leaves/Seed Pod","1.00000000","Not Recorded","1 leaf",NULL,NULL,"checker","2018-11-29 15:43:38","checker","2018-11-29 15:43:38","{82BB9D57-5733-456C-8B73-8B5CA2A02E25}"
2345,"B18-10303","2018-08-21 00:00:00",1,"City of Los Angeles Environmental Monitoring Division","Stick/Branch/Driftwood","1.00000000","Not Recorded","1 stick",NULL,NULL,"checker","2018-11-29 15:43:38","checker","2018-11-29 15:43:38","{F23CE81F-F072-431E-92D4-213DABEC7C2D}"
2346,"B18-10304","2018-09-11 00:00:00",1,"City of Los Angeles Environmental Monitoring Division","Seagrass","2.00000000","Not Recorded","2 strands",NULL,NULL,"checker","2018-11-29 15:43:38","checker","2018-11-29 15:43:38","{A71A84FD-4C88-4A57-BAF5-B29D95DFC188}"
2347,"B18-10308","2018-09-18 00:00:00",1,"City of Los Angeles Environmental Monitoring Division","None","0.00000000","Not Recorded","No problems with trawl",NULL,NULL,"checker","2018-11-29 15:43:38","checker","2018-11-29 15:43:38","{1CA9A60C-1C49-4AEE-9E4B-2BC937A6F6DD}"
2348,"B18-10309","2018-08-28 00:00:00",1,"City of Los Angeles Environmental Monitoring Division","None","0.00000000","Not Recorded","No problems with trawl",NULL,NULL,"checker","2018-11-29 15:43:38","checker","2018-11-29 15:43:38","{C07ADB0D-0245-43FC-BB15-99D0F45A5811}"
2349,"B18-10311","2018-08-28 00:00:00",1,"City of Los Angeles Environmental Monitoring Division","Kelp Stipe/Blade","5.00000000","Not Recorded","3 blades and 2 stipes of Macrocystis",NULL,NULL,"checker","2018-11-29 15:43:38","checker","2018-11-29 15:43:38","{04FE1C1F-4746-4D65-9038-2FC6DE25A39E}"
2350,"B18-10341","2018-08-29 00:00:00",2,"City of Los Angeles Environmental Monitoring Division","None","0.00000000","Not Recorded","No problems with trawl",NULL,NULL,"checker","2018-11-29 15:43:38","checker","2018-11-29 15:43:38","{9E7FAA9F-C30E-4BFE-A234-CE178E262791}"
2351,"B18-10411","2018-07-30 00:00:00",1,"City of Los Angeles Environmental Monitoring Division","Kelp Stipe/Blade","1.00000000","Not Recorded","1 Egregia strand",NULL,NULL,"checker","2018-11-29 15:43:38","checker","2018-11-29 15:43:38","{2443B06B-88BC-4018-B4FE-DED2238270C1}"
2352,"B18-10417","2018-07-30 00:00:00",1,"City of Los Angeles Environmental Monitoring Division","Kelp Stipe/Blade","1.00000000","Not Recorded","1 blade of Macrocystis",NULL,NULL,"checker","2018-11-29 15:43:38","checker","2018-11-29 15:43:38","{011B60C4-28FB-424A-B090-60BDB6874FDA}"
2353,"B18-10905","2018-09-05 00:00:00",1,"City of Los Angeles Environmental Monitoring Division","Kelp Stipe/Blade","9.00000000","Not Recorded","5 blades of Macrocystis, 4 blades of Laminariales",NULL,NULL,"checker","2018-11-29 15:43:38","checker","2018-11-29 15:43:38","{C9FE4652-BB16-4AAF-9548-8138C9F1F8C9}"
2354,"B18-10905","2018-09-05 00:00:00",1,"City of Los Angeles Environmental Monitoring Division","Seagrass","4.00000000","Not Recorded","4 strands",NULL,NULL,"checker","2018-11-29 15:43:38","checker","2018-11-29 15:43:38","{0C598D33-544F-4D84-9FDD-42966490702E}"
2355,"B18-10911","2018-08-28 00:00:00",1,"City of Los Angeles Environmental Monitoring Division","Kelp Stipe/Blade","4.00000000","Not Recorded","4 beat up blades of Macrocystis",NULL,NULL,"checker","2018-11-29 15:43:38","checker","2018-11-29 15:43:38","{8EB68049-CCE9-47E0-B179-19F96A11C375}"
2356,"B18-10911","2018-08-28 00:00:00",1,"City of Los Angeles Environmental Monitoring Division","Other Marine (comment req.)","-88.00000000","Moderate","large worm tubes and large shell hash",NULL,NULL,"checker","2018-11-29 15:43:38","checker","2018-11-29 15:43:38","{6950A8BD-9F26-427E-8383-1566138494A1}"
2357,"B18-10968","2018-09-05 00:00:00",1,"City of Los Angeles Environmental Monitoring Division","Kelp Stipe/Blade","1.00000000","Not Recorded","1 blade of Macrocystis",NULL,NULL,"checker","2018-11-29 15:43:38","checker","2018-11-29 15:43:38","{3B14E907-FCE1-462D-9AFE-27C410E93979}"
2358,"B18-10968","2018-09-05 00:00:00",1,"City of Los Angeles Environmental Monitoring Division","Seagrass","5.00000000","Not Recorded","5 strands",NULL,NULL,"checker","2018-11-29 15:43:38","checker","2018-11-29 15:43:38","{3AE137D8-0778-4709-BB6B-6F0EEF04AF2A}"
2359,"B18-10968","2018-09-05 00:00:00",1,"City of Los Angeles Environmental Monitoring Division","Stick/Branch/Driftwood","1.00000000","Not Recorded","1 stick",NULL,NULL,"checker","2018-11-29 15:43:38","checker","2018-11-29 15:43:38","{17983014-7A17-41D3-9567-972551D09D8A}"
2360,"B18-10207","2018-08-08 00:00:00",1,"Aquatic Bioassay and Consulting Laboratories","Beer Bottle","1.00000000","Not Recorded","",NULL,NULL,"checker","2018-12-05 11:20:20","checker","2018-12-05 11:20:20","{08F196A2-1B7E-470F-BA38-D02022039780}"
2361,"B18-10207","2018-08-08 00:00:00",1,"Aquatic Bioassay and Consulting Laboratories","Kelp Stipe/Blade","10.00000000","Not Recorded","",NULL,NULL,"checker","2018-12-05 11:20:20","checker","2018-12-05 11:20:20","{67DD9514-C52A-4C14-896C-CCCA0CB96B13}"
2362,"B18-10211","2018-08-27 00:00:00",1,"Aquatic Bioassay and Consulting Laboratories","Foliose Algae - not kelp","5.00000000","Not Recorded","",NULL,NULL,"checker","2018-12-05 11:20:20","checker","2018-12-05 11:20:20","{AB01B4C5-7FDB-4339-94A3-5935A6EFB50D}"
2363,"B18-10211","2018-08-27 00:00:00",1,"Aquatic Bioassay and Consulting Laboratories","Stick/Branch/Driftwood","1.00000000","Not Recorded","",NULL,NULL,"checker","2018-12-05 11:20:20","checker","2018-12-05 11:20:20","{CC4A2191-74BD-457C-AA71-47352BB147D6}"
2364,"B18-10212","2018-08-27 00:00:00",1,"Aquatic Bioassay and Consulting Laboratories","Foliose Algae - not kelp","8.00000000","Not Recorded","",NULL,NULL,"checker","2018-12-05 11:20:20","checker","2018-12-05 11:20:20","{B2FB9B31-D76F-4AEA-93C2-20B8B1D4C57D}"
2365,"B18-10215","2018-08-27 00:00:00",1,"Aquatic Bioassay and Consulting Laboratories","Foliose Algae - not kelp","-88.00000000","High","",NULL,NULL,"checker","2018-12-05 11:20:20","checker","2018-12-05 11:20:20","{1FE50F92-A3B4-4FCC-A655-0151074827B8}"
2366,"B18-10215","2018-08-27 00:00:00",1,"Aquatic Bioassay and Consulting Laboratories","Kelp Stipe/Blade","5.00000000","Not Recorded","",NULL,NULL,"checker","2018-12-05 11:20:20","checker","2018-12-05 11:20:20","{43C2E91A-3153-4544-9524-FCC6F7C14316}"
2367,"B18-10215","2018-08-27 00:00:00",1,"Aquatic Bioassay and Consulting Laboratories","Seagrass","5.00000000","Not Recorded","",NULL,NULL,"checker","2018-12-05 11:20:20","checker","2018-12-05 11:20:20","{A752A84A-07B6-462C-8C16-7C125EA2CAA1}"
2368,"B18-10221","2018-08-27 00:00:00",1,"Aquatic Bioassay and Consulting Laboratories","Plastic Piece (unid.)","1.00000000","Not Recorded","",NULL,NULL,"checker","2018-12-05 11:20:20","checker","2018-12-05 11:20:20","{65B4BB96-07BF-491C-A2D6-E1DA9825F03F}"
2369,"B18-10221","2018-08-27 00:00:00",1,"Aquatic Bioassay and Consulting Laboratories","Kelp Holdfast","1.00000000","Not Recorded","",NULL,NULL,"checker","2018-12-05 11:20:20","checker","2018-12-05 11:20:20","{7798897D-4F9F-485B-B525-6C13C737B32C}"
2370,"B18-10221","2018-08-27 00:00:00",1,"Aquatic Bioassay and Consulting Laboratories","Kelp Stipe/Blade","-88.00000000","High","",NULL,NULL,"checker","2018-12-05 11:20:20","checker","2018-12-05 11:20:20","{EA6EC1F1-2D9B-4E10-B1EE-EA0914DA488A}"
2371,"B18-10221","2018-08-27 00:00:00",1,"Aquatic Bioassay and Consulting Laboratories","Stick/Branch/Driftwood","4.00000000","Not Recorded","",NULL,NULL,"checker","2018-12-05 11:20:20","checker","2018-12-05 11:20:20","{73D107C1-70AF-4C25-9388-379ABFE9C5AA}"
2372,"B18-10214","2018-08-27 00:00:00",1,"Aquatic Bioassay and Consulting Laboratories","Foliose Algae - not kelp","2.00000000","Not Recorded","",NULL,NULL,"checker","2018-12-05 11:20:20","checker","2018-12-05 11:20:20","{58879B85-23A8-4493-977E-9CAB59E435CB}"
2373,"B18-10214","2018-08-27 00:00:00",1,"Aquatic Bioassay and Consulting Laboratories","Other Foliose Algae","-88.00000000","Moderate","",NULL,NULL,"checker","2018-12-05 11:20:20","checker","2018-12-05 11:20:20","{B53C8D26-EAA9-4ABE-B180-58F06A1E9AC1}"
2375,"B18-10213","2018-09-03 00:00:00",1,"Aquatic Bioassay and Consulting Laboratories","None","0.00000000","Not Recorded","No debris present in sample",NULL,NULL,"checker","2018-12-05 11:20:20","checker","2018-12-05 11:20:20","{900AB67B-B2FF-49E3-8090-D3E9AE6DAB53}"
2376,"B18-10249","2018-09-03 00:00:00",1,"Aquatic Bioassay and Consulting Laboratories","None","0.00000000","Not Recorded","No debris present in sample",NULL,NULL,"checker","2018-12-05 11:20:20","checker","2018-12-05 11:20:20","{A2F11A7F-CC74-4325-AA14-D6456853D5F7}"
2377,"B18-10210","2018-09-03 00:00:00",1,"Aquatic Bioassay and Consulting Laboratories","None","0.00000000","Not Recorded","No debris present in sample",NULL,NULL,"checker","2018-12-05 11:20:20","checker","2018-12-05 11:20:20","{5C8C720F-8BAA-410B-BBC4-F4E832A03BD3}"
2378,"B18-10300","2018-09-04 00:00:00",6,"Aquatic Bioassay and Consulting Laboratories","None","0.00000000","Not Recorded","No debris present in sample",NULL,NULL,"checker","2018-12-05 11:20:20","checker","2018-12-05 11:20:20","{9154535D-C747-4232-9A58-77C1AA4DB807}"
2379,"B18-10848","2018-09-05 00:00:00",1,"Aquatic Bioassay and Consulting Laboratories","Stick/Branch/Driftwood","1.00000000","Not Recorded","",NULL,NULL,"checker","2018-12-05 11:20:20","checker","2018-12-05 11:20:20","{D82B1563-D406-4E10-8A63-F7FB0332CE93}"
2380,"B18-10299","2018-09-05 00:00:00",3,"Aquatic Bioassay and Consulting Laboratories","None","0.00000000","Not Recorded","No debris present in sample",NULL,NULL,"checker","2018-12-05 11:20:20","checker","2018-12-05 11:20:20","{8621F04E-6773-4FC1-8AF6-8275433B7C1C}"
2381,"B18-10295","2018-09-05 00:00:00",2,"Aquatic Bioassay and Consulting Laboratories","None","0.00000000","Not Recorded","No debris present in sample",NULL,NULL,"checker","2018-12-05 11:20:20","checker","2018-12-05 11:20:20","{65907E3A-96EC-4961-8F40-5C51722BE4F8}"
2382,"B18-10953","2018-09-07 00:00:00",1,"Aquatic Bioassay and Consulting Laboratories","None","0.00000000","Not Recorded","No debris present in sample",NULL,NULL,"checker","2018-12-05 11:20:20","checker","2018-12-05 11:20:20","{4BD546B2-48C5-4313-BBF5-88FE30041A94}"
2383,"B18-10205","2018-09-11 00:00:00",1,"Aquatic Bioassay and Consulting Laboratories","Foliose Algae - not kelp","-88.00000000","Moderate","",NULL,NULL,"checker","2018-12-05 11:20:20","checker","2018-12-05 11:20:20","{9498CD2B-8417-4BD3-97E6-25C8110AC15C}"
2384,"B18-10205","2018-09-11 00:00:00",1,"Aquatic Bioassay and Consulting Laboratories","Kelp Stipe/Blade","-88.00000000","Moderate","",NULL,NULL,"checker","2018-12-05 11:20:20","checker","2018-12-05 11:20:20","{DE070F27-CC82-4988-B7C0-86A6C49F3B58}"
2385,"B18-10205","2018-09-11 00:00:00",1,"Aquatic Bioassay and Consulting Laboratories","Other Marine (comment req.)","-88.00000000","High","Bryozoan",NULL,NULL,"checker","2018-12-05 11:20:20","checker","2018-12-05 11:20:20","{380982BC-1F0E-4075-B4B4-3E06BDFE619C}"
2386,"B18-10243","2018-09-11 00:00:00",1,"Aquatic Bioassay and Consulting Laboratories","Kelp Stipe/Blade","-88.00000000","Moderate","",NULL,NULL,"checker","2018-12-05 11:20:20","checker","2018-12-05 11:20:20","{0670C2D1-F1FB-4968-BCDF-0F817F49D8B6}"
2387,"B18-10243","2018-09-11 00:00:00",1,"Aquatic Bioassay and Consulting Laboratories","Fishing Gear","1.00000000","Not Recorded","",NULL,NULL,"checker","2018-12-05 11:20:20","checker","2018-12-05 11:20:20","{515B7370-6903-445D-B623-627421C31027}"
2388,"B18-10244","2018-09-11 00:00:00",1,"Aquatic Bioassay and Consulting Laboratories","None","0.00000000","Not Recorded","No debris present in sample",NULL,NULL,"checker","2018-12-05 11:20:20","checker","2018-12-05 11:20:20","{33D2F725-CD51-4D8A-B09B-0BAFE3E36535}"
2389,"B18-10245","2018-09-11 00:00:00",1,"Aquatic Bioassay and Consulting Laboratories","None","0.00000000","Not Recorded","No debris present in sample",NULL,NULL,"checker","2018-12-05 11:20:20","checker","2018-12-05 11:20:20","{3FD7A4A7-DA89-4490-AB65-04CC2814F25B}"
2390,"B18-10842","2018-09-14 00:00:00",1,"Aquatic Bioassay and Consulting Laboratories","Kelp Stipe/Blade","1.00000000","Not Recorded","",NULL,NULL,"checker","2018-12-05 11:20:20","checker","2018-12-05 11:20:20","{E5EA7FB3-3C0C-4E6C-A748-1B8B2C80BF6A}"
2391,"B18-10842","2018-09-14 00:00:00",1,"Aquatic Bioassay and Consulting Laboratories","Other Foliose Algae","1.00000000","Not Recorded","",NULL,NULL,"checker","2018-12-05 11:20:20","checker","2018-12-05 11:20:20","{58641132-ED14-4198-B9C5-65A1D857FCBE}"
2392,"B18-10208","2018-09-14 00:00:00",1,"Aquatic Bioassay and Consulting Laboratories","Kelp Stipe/Blade","1.00000000","Not Recorded","",NULL,NULL,"checker","2018-12-05 11:20:20","checker","2018-12-05 11:20:20","{427C727D-87AF-482E-B604-B82283788CDA}"
2393,"B18-10248","2018-09-14 00:00:00",2,"Aquatic Bioassay and Consulting Laboratories","None","0.00000000","Not Recorded","No debris present in sample",NULL,NULL,"checker","2018-12-05 11:20:20","checker","2018-12-05 11:20:20","{DC9C0DC9-B0CE-422A-93C6-CB6C1EC72B5F}"
2394,"B18-10247","2018-09-14 00:00:00",1,"Aquatic Bioassay and Consulting Laboratories","Foliose Algae - not kelp","-88.00000000","Moderate","",NULL,NULL,"checker","2018-12-05 11:20:20","checker","2018-12-05 11:20:20","{439CDCCA-4BC5-4842-88B1-644C29EF2706}"
2395,"B18-10246","2018-09-14 00:00:00",1,"Aquatic Bioassay and Consulting Laboratories","Kelp Stipe/Blade","-88.00000000","Moderate","",NULL,NULL,"checker","2018-12-05 11:20:20","checker","2018-12-05 11:20:20","{8C33CE3D-0130-4694-B531-0114F72B733B}"
2396,"B18-10224","2018-08-16 00:00:00",1,"Los Angeles County Sanitation Districts","Kelp Stipe/Blade","-88.00000000","Moderate","Macrocystis, Egregia, Laminaria, reds",NULL,NULL,"checker","2019-05-14 08:23:57","checker","2019-05-14 08:23:57","{D7C51646-6B70-45B6-95E3-62927F984C87}"
2397,"B18-10224","2018-08-16 00:00:00",1,"Los Angeles County Sanitation Districts","Seagrass","1.00000000","Not Recorded","",NULL,NULL,"checker","2019-05-14 08:23:57","checker","2019-05-14 08:23:57","{13A965FB-A084-44BA-8DAE-B996C3169D9B}"
2398,"B18-10283","2018-07-18 00:00:00",1,"Los Angeles County Sanitation Districts","Food Bag/Wrapper","1.00000000","Not Recorded","",NULL,NULL,"checker","2019-05-14 08:23:57","checker","2019-05-14 08:23:57","{DBB2E047-2236-4CF6-9A5E-8998F5D41F09}"
2399,"B18-10283","2018-07-18 00:00:00",1,"Los Angeles County Sanitation Districts","Kelp Stipe/Blade","1.00000000","Not Recorded","Macrocystis",NULL,NULL,"checker","2019-05-14 08:23:57","checker","2019-05-14 08:23:57","{7D84051D-09A8-4715-9691-AB1AA748B482}"
2400,"B18-10283","2018-07-18 00:00:00",1,"Los Angeles County Sanitation Districts","Seagrass","2.00000000","Not Recorded","",NULL,NULL,"checker","2019-05-14 08:23:57","checker","2019-05-14 08:23:57","{F994C81C-CAC4-42E3-A39A-7C186F9B20EC}"
2401,"B18-10284","2018-07-18 00:00:00",1,"Los Angeles County Sanitation Districts","Kelp Stipe/Blade","6.00000000","Not Recorded","Macrocystis",NULL,NULL,"checker","2019-05-14 08:23:57","checker","2019-05-14 08:23:57","{1F250A27-CCE0-4C23-B2E6-3C192FEF9A28}"
2402,"B18-10284","2018-07-18 00:00:00",1,"Los Angeles County Sanitation Districts","Seagrass","5.00000000","Not Recorded","",NULL,NULL,"checker","2019-05-14 08:23:57","checker","2019-05-14 08:23:57","{8463434E-2855-424A-AFAD-625E48814A66}"
2403,"B18-10286","2018-07-17 00:00:00",1,"Los Angeles County Sanitation Districts","Kelp Holdfast","1.00000000","Not Recorded","",NULL,NULL,"checker","2019-05-14 08:23:57","checker","2019-05-14 08:23:57","{A5538D72-34C8-44A5-AECF-BEDCBE580543}"
2404,"B18-10286","2018-07-17 00:00:00",1,"Los Angeles County Sanitation Districts","Kelp Stipe/Blade","1.00000000","Not Recorded","",NULL,NULL,"checker","2019-05-14 08:23:57","checker","2019-05-14 08:23:57","{BB4890E2-9DC2-4D8C-AF8E-EAB610341DB4}"
2405,"B18-10286","2018-07-17 00:00:00",1,"Los Angeles County Sanitation Districts","Other Plastic (comment req.)","1.00000000","Not Recorded","zip tie",NULL,NULL,"checker","2019-05-14 08:23:57","checker","2019-05-14 08:23:57","{87A927BA-71BA-4020-891E-FC4876018A31}"
2406,"B18-10286","2018-07-17 00:00:00",1,"Los Angeles County Sanitation Districts","Plastic Piece (unid.)","1.00000000","Not Recorded","",NULL,NULL,"checker","2019-05-14 08:23:57","checker","2019-05-14 08:23:57","{491B14E5-DC40-414C-8D5C-02DC8F1F9117}"
2407,"B18-10290","2018-07-19 00:00:00",1,"Los Angeles County Sanitation Districts","Kelp Stipe/Blade","3.00000000","Not Recorded","",NULL,NULL,"checker","2019-05-14 08:23:57","checker","2019-05-14 08:23:57","{C7B7D139-7131-48FA-8E55-43C355CCF49E}"
2408,"B18-10290","2018-07-19 00:00:00",1,"Los Angeles County Sanitation Districts","Leaves/Seed Pod","1.00000000","Not Recorded","",NULL,NULL,"checker","2019-05-14 08:23:57","checker","2019-05-14 08:23:57","{E70883C4-48F4-4015-9012-F0DF3082F5F7}"
2409,"B18-10291","2018-07-19 00:00:00",1,"Los Angeles County Sanitation Districts","Kelp Stipe/Blade","2.00000000","Not Recorded","Macrocystis",NULL,NULL,"checker","2019-05-14 08:23:57","checker","2019-05-14 08:23:57","{39C631AA-F789-4445-9DE6-0933B3FDD09B}"
2410,"B18-10291","2018-07-19 00:00:00",1,"Los Angeles County Sanitation Districts","Seagrass","5.00000000","Not Recorded","",NULL,NULL,"checker","2019-05-14 08:23:57","checker","2019-05-14 08:23:57","{06535F4D-486F-4198-8152-78B1D36EA80D}"
2411,"B18-10292","2018-07-19 00:00:00",1,"Los Angeles County Sanitation Districts","None","0.00000000","Not Recorded","No debris present",NULL,NULL,"checker","2019-05-14 08:23:57","checker","2019-05-14 08:23:57","{35D9B62C-625B-413F-817A-71F47741907C}"
2412,"B18-10294","2018-07-20 00:00:00",1,"Los Angeles County Sanitation Districts","Kelp Stipe/Blade","1.00000000","Not Recorded","Macrocystis",NULL,NULL,"checker","2019-05-14 08:23:57","checker","2019-05-14 08:23:57","{94EFC8DC-5E2A-44DE-BBEB-904F59385B8E}"
2413,"B18-10294","2018-07-20 00:00:00",1,"Los Angeles County Sanitation Districts","Other Plastic (comment req.)","1.00000000","Not Recorded","plastic sheet",NULL,NULL,"checker","2019-05-14 08:23:57","checker","2019-05-14 08:23:57","{1211B973-6B2A-41AC-A323-A11A643196F8}"
2414,"B18-10294","2018-07-20 00:00:00",1,"Los Angeles County Sanitation Districts","Rock","3.00000000","Not Recorded","",NULL,NULL,"checker","2019-05-14 08:23:57","checker","2019-05-14 08:23:57","{205FD47E-8849-4C03-B5EB-518E24AC1C36}"
2415,"B18-10296","2018-07-20 00:00:00",1,"Los Angeles County Sanitation Districts","Kelp Stipe/Blade","1.00000000","Not Recorded","",NULL,NULL,"checker","2019-05-14 08:23:57","checker","2019-05-14 08:23:57","{BCD5A828-FE5A-44A2-BC75-BCE0A552D8C4}"
2416,"B18-10296","2018-07-20 00:00:00",1,"Los Angeles County Sanitation Districts","Stick/Branch/Driftwood","2.00000000","Not Recorded","",NULL,NULL,"checker","2019-05-14 08:23:57","checker","2019-05-14 08:23:57","{B0AD4238-F69E-4B2C-8A8C-BAAE38D5E3F4}"
2417,"B18-10297","2018-07-20 00:00:00",1,"Los Angeles County Sanitation Districts","Fishing Gear","1.00000000","Not Recorded","hook",NULL,NULL,"checker","2019-05-14 08:23:57","checker","2019-05-14 08:23:57","{AA8C1CA9-E5EF-4B62-A407-420A581BCE09}"
2418,"B18-10297","2018-07-20 00:00:00",1,"Los Angeles County Sanitation Districts","Fishing Line/Net","1.00000000","Not Recorded","monofilament",NULL,NULL,"checker","2019-05-14 08:23:57","checker","2019-05-14 08:23:57","{C81140BF-AE7B-4A39-87A4-E73E7ACA3325}"
2419,"B18-10297","2018-07-20 00:00:00",1,"Los Angeles County Sanitation Districts","Kelp Stipe/Blade","6.00000000","Not Recorded","",NULL,NULL,"checker","2019-05-14 08:23:57","checker","2019-05-14 08:23:57","{574ECD3C-3E19-4EA2-9FE0-AB77FA7980C3}"
2420,"B18-10297","2018-07-20 00:00:00",1,"Los Angeles County Sanitation Districts","Rock","3.00000000","Not Recorded","",NULL,NULL,"checker","2019-05-14 08:23:57","checker","2019-05-14 08:23:57","{8AC08239-3B6D-4142-9159-808B24B2AF7A}"
2421,"B18-10297","2018-07-20 00:00:00",1,"Los Angeles County Sanitation Districts","Seagrass","5.00000000","Not Recorded","",NULL,NULL,"checker","2019-05-14 08:23:57","checker","2019-05-14 08:23:57","{FF7DB53E-9553-4FB4-B38A-2C2E04ABF18D}"
2422,"B18-10297","2018-07-20 00:00:00",1,"Los Angeles County Sanitation Districts","Stick/Branch/Driftwood","3.00000000","Not Recorded","stick",NULL,NULL,"checker","2019-05-14 08:23:57","checker","2019-05-14 08:23:57","{6B73C6A6-E037-47F0-9067-7CB3192B2D19}"
2423,"B18-10307","2018-08-17 00:00:00",1,"Los Angeles County Sanitation Districts","Kelp Stipe/Blade","1.00000000","Not Recorded","Cystoseira",NULL,NULL,"checker","2019-05-14 08:23:57","checker","2019-05-14 08:23:57","{A7E2563D-3535-4068-BF1D-96C3C7875133}"
2424,"B18-10310","2018-08-16 00:00:00",1,"Los Angeles County Sanitation Districts","Kelp Stipe/Blade","1.00000000","Not Recorded","Macrocystis",NULL,NULL,"checker","2019-05-14 08:23:57","checker","2019-05-14 08:23:57","{FA17D8DA-4EC0-4BDD-A747-903F72BC581A}"
2425,"B18-10310","2018-08-16 00:00:00",1,"Los Angeles County Sanitation Districts","Rock","2.00000000","Not Recorded","",NULL,NULL,"checker","2019-05-14 08:23:57","checker","2019-05-14 08:23:57","{9FAD56D4-E147-4CA1-A3D2-642B5AB45D54}"
2426,"B18-10325","2018-07-18 00:00:00",1,"Los Angeles County Sanitation Districts","Food Bag/Wrapper","1.00000000","Not Recorded","",NULL,NULL,"checker","2019-05-14 08:23:57","checker","2019-05-14 08:23:57","{CA362F18-F5FA-441D-8285-5CB342B3CCE0}"
2427,"B18-10325","2018-07-18 00:00:00",1,"Los Angeles County Sanitation Districts","Stick/Branch/Driftwood","1.00000000","Not Recorded","",NULL,NULL,"checker","2019-05-14 08:23:57","checker","2019-05-14 08:23:57","{6023B442-6AF0-42CC-8247-F61CFA5470C5}"
2428,"B18-10328","2018-07-18 00:00:00",1,"Los Angeles County Sanitation Districts","Kelp Stipe/Blade","1.00000000","Not Recorded","",NULL,NULL,"checker","2019-05-14 08:23:57","checker","2019-05-14 08:23:57","{8A9EDD7F-98D2-4CD9-97F7-8D98AA5A780A}"
2429,"B18-10328","2018-07-18 00:00:00",1,"Los Angeles County Sanitation Districts","Other Misc. (comment req.)","1.00000000","Not Recorded","String",NULL,NULL,"checker","2019-05-14 08:23:57","checker","2019-05-14 08:23:57","{7C2C4CE5-1D2F-42DE-B5A9-FA70FD6A3687}"
2430,"B18-10328","2018-07-18 00:00:00",1,"Los Angeles County Sanitation Districts","Seagrass","3.00000000","Not Recorded","",NULL,NULL,"checker","2019-05-14 08:23:57","checker","2019-05-14 08:23:57","{1307A0E4-A27A-4C99-88D3-43614C4DDD78}"
2431,"B18-10332","2018-07-18 00:00:00",1,"Los Angeles County Sanitation Districts","Other Marine (comment req.)","10.00000000","Not Recorded","Tar balls",NULL,NULL,"checker","2019-05-14 08:23:57","checker","2019-05-14 08:23:57","{C394C775-733D-4F6D-AD1C-D6E2A3DEF5A9}"
2432,"B18-10332","2018-07-18 00:00:00",1,"Los Angeles County Sanitation Districts","Seagrass","-88.00000000","Moderate","",NULL,NULL,"checker","2019-05-14 08:23:57","checker","2019-05-14 08:23:57","{D94CF816-E4FF-4828-A035-753EAC0F0141}"
2433,"B18-10332","2018-07-18 00:00:00",1,"Los Angeles County Sanitation Districts","Stick/Branch/Driftwood","1.00000000","Not Recorded","",NULL,NULL,"checker","2019-05-14 08:23:57","checker","2019-05-14 08:23:57","{76B31394-20C0-40F5-A253-D398FC527148}"
2434,"B18-10333","2018-07-18 00:00:00",1,"Los Angeles County Sanitation Districts","Kelp Holdfast","1.00000000","Not Recorded","",NULL,NULL,"checker","2019-05-14 08:23:57","checker","2019-05-14 08:23:57","{862D4A6F-55AA-43CA-A750-D8E790AE5E43}"
2435,"B18-10333","2018-07-18 00:00:00",1,"Los Angeles County Sanitation Districts","Kelp Stipe/Blade","3.00000000","Not Recorded","",NULL,NULL,"checker","2019-05-14 08:23:57","checker","2019-05-14 08:23:57","{F26381A2-5824-452C-BBF1-7E2D3AC8B367}"
2436,"B18-10333","2018-07-18 00:00:00",1,"Los Angeles County Sanitation Districts","Stick/Branch/Driftwood","2.00000000","Not Recorded","",NULL,NULL,"checker","2019-05-14 08:23:57","checker","2019-05-14 08:23:57","{22BCBBC5-86A2-455F-8AA5-0EE8E8CEDA4B}"
2437,"B18-10338","2018-07-19 00:00:00",1,"Los Angeles County Sanitation Districts","Cap/Lid","1.00000000","Not Recorded","",NULL,NULL,"checker","2019-05-14 08:23:57","checker","2019-05-14 08:23:57","{7CA37372-CF2E-444D-9A9D-150D05272FC1}"
2438,"B18-10338","2018-07-19 00:00:00",1,"Los Angeles County Sanitation Districts","Clothing","1.00000000","Not Recorded","shirt sleeve",NULL,NULL,"checker","2019-05-14 08:23:57","checker","2019-05-14 08:23:57","{F448840A-A60F-4EB3-B697-82D1E2D14E85}"
2439,"B18-10338","2018-07-19 00:00:00",1,"Los Angeles County Sanitation Districts","Kelp Holdfast","1.00000000","Not Recorded","Macrocystis",NULL,NULL,"checker","2019-05-14 08:23:57","checker","2019-05-14 08:23:57","{BF557123-A1CB-40B6-98C5-DC0886BEFBCD}"
2440,"B18-10338","2018-07-19 00:00:00",1,"Los Angeles County Sanitation Districts","Other Plastic (comment req.)","1.00000000","Not Recorded","plastic label",NULL,NULL,"checker","2019-05-14 08:23:57","checker","2019-05-14 08:23:57","{057351B3-2748-4AA8-992C-7966B1BD2606}"
2441,"B18-10338","2018-07-19 00:00:00",1,"Los Angeles County Sanitation Districts","Plastic Piece (unid.)","1.00000000","Not Recorded","",NULL,NULL,"checker","2019-05-14 08:23:57","checker","2019-05-14 08:23:57","{48A7F909-5ED2-4D3B-9953-F9D5203CDA93}"
2442,"B18-10338","2018-07-19 00:00:00",1,"Los Angeles County Sanitation Districts","Rag/Cloth","1.00000000","Not Recorded","",NULL,NULL,"checker","2019-05-14 08:23:57","checker","2019-05-14 08:23:57","{8DB9D5D7-62EE-44DB-95B5-987ABBC6C263}"
2443,"B18-10339","2018-07-16 00:00:00",1,"Los Angeles County Sanitation Districts","Rock","1.00000000","Not Recorded","",NULL,NULL,"checker","2019-05-14 08:23:57","checker","2019-05-14 08:23:57","{CAC09297-FB6B-49F4-810A-311B9CBEA856}"
2444,"B18-10339","2018-07-16 00:00:00",1,"Los Angeles County Sanitation Districts","Stick/Branch/Driftwood","1.00000000","Not Recorded","",NULL,NULL,"checker","2019-05-14 08:23:57","checker","2019-05-14 08:23:57","{80B78183-92D5-482A-90F3-EF1256AFDB16}"
2445,"B18-10340","2018-07-16 00:00:00",1,"Los Angeles County Sanitation Districts","None","0.00000000","Not Recorded","No debris present",NULL,NULL,"checker","2019-05-14 08:23:57","checker","2019-05-14 08:23:57","{7312AC5C-06EC-4637-8802-F4B05888300F}"
2446,"B18-10342","2018-09-04 00:00:00",3,"Los Angeles County Sanitation Districts","Gorgonian Sea Fan (dead)","1.00000000","Not Recorded","",NULL,NULL,"checker","2019-05-14 08:23:57","checker","2019-05-14 08:23:57","{B2A1DEEA-CB2F-4DBB-8034-6A1C49AB8E5B}"
2447,"B18-10342","2018-09-04 00:00:00",3,"Los Angeles County Sanitation Districts","Seagrass","1.00000000","Not Recorded","",NULL,NULL,"checker","2019-05-14 08:23:57","checker","2019-05-14 08:23:57","{EA604550-974C-428B-BBA9-132BB81CDD5A}"
2448,"B18-10343","2018-08-16 00:00:00",1,"Los Angeles County Sanitation Districts","Kelp Holdfast","1.00000000","Not Recorded","Macrocystis",NULL,NULL,"checker","2019-05-14 08:23:57","checker","2019-05-14 08:23:57","{C82529A6-E069-494B-8423-F5137D4DFDDD}"
2449,"B18-10343","2018-08-16 00:00:00",1,"Los Angeles County Sanitation Districts","Other Misc. (comment req.)","1.00000000","Not Recorded","rope",NULL,NULL,"checker","2019-05-14 08:23:57","checker","2019-05-14 08:23:57","{4E74DEA0-FFD9-4A12-8502-2EE25C28AB81}"
2450,"B18-10343","2018-08-16 00:00:00",1,"Los Angeles County Sanitation Districts","Rock","9.00000000","Not Recorded","",NULL,NULL,"checker","2019-05-14 08:23:57","checker","2019-05-14 08:23:57","{5161B92B-AB3E-4EA0-91CA-ED4FA7809C1C}"
2451,"B18-10949","2018-07-19 00:00:00",1,"Los Angeles County Sanitation Districts","Food Bag/Wrapper","2.00000000","Not Recorded","potato bag, clear wrapper",NULL,NULL,"checker","2019-05-14 08:23:57","checker","2019-05-14 08:23:57","{3C1B3785-2D3C-475A-9FE2-82C963D21BC4}"
2452,"B18-10949","2018-07-19 00:00:00",1,"Los Angeles County Sanitation Districts","Leaves/Seed Pod","3.00000000","Not Recorded","",NULL,NULL,"checker","2019-05-14 08:23:57","checker","2019-05-14 08:23:57","{466FCA93-101C-4DFD-AA05-7D0621DA423B}"
2453,"B18-10949","2018-07-19 00:00:00",1,"Los Angeles County Sanitation Districts","Other Plastic (comment req.)","1.00000000","Not Recorded","hagfish trap bucket",NULL,NULL,"checker","2019-05-14 08:23:57","checker","2019-05-14 08:23:57","{C7684E4E-C16C-4144-B694-175158A296C7}"
2454,"B18-10949","2018-07-19 00:00:00",1,"Los Angeles County Sanitation Districts","Seagrass","1.00000000","Not Recorded","",NULL,NULL,"checker","2019-05-14 08:23:57","checker","2019-05-14 08:23:57","{29D68986-D4F2-4B51-B8AB-2C3BE63D024E}"
2455,"B18-11000","2018-07-17 00:00:00",1,"Los Angeles County Sanitation Districts","Food Bag/Wrapper","1.00000000","Not Recorded","",NULL,NULL,"checker","2019-05-14 08:23:57","checker","2019-05-14 08:23:57","{5010F780-532E-4469-BE6C-0C1533793D0A}"
2456,"B18-11000","2018-07-17 00:00:00",1,"Los Angeles County Sanitation Districts","Kelp Holdfast","1.00000000","Not Recorded","Macrocystis",NULL,NULL,"checker","2019-05-14 08:23:57","checker","2019-05-14 08:23:57","{C3DDF44E-2EEC-495A-A7E0-97292E22783E}"
2457,"B18-11000","2018-07-17 00:00:00",1,"Los Angeles County Sanitation Districts","Kelp Stipe/Blade","3.00000000","Not Recorded","Macrocystis",NULL,NULL,"checker","2019-05-14 08:23:57","checker","2019-05-14 08:23:57","{19F79047-0CF9-4478-85D8-AA7E16B37FD8}"
2458,"B18-11000","2018-07-17 00:00:00",1,"Los Angeles County Sanitation Districts","Seagrass","2.00000000","Not Recorded","",NULL,NULL,"checker","2019-05-14 08:23:57","checker","2019-05-14 08:23:57","{907327BE-6021-4887-81AE-AF2FD0276CE9}"
2459,"B18-11000","2018-07-17 00:00:00",1,"Los Angeles County Sanitation Districts","Stick/Branch/Driftwood","1.00000000","Not Recorded","",NULL,NULL,"checker","2019-05-14 08:23:57","checker","2019-05-14 08:23:57","{1FFC302B-F6F3-42FB-8C4D-79E101F7BA91}"
2460,"B18-10321","2018-07-31 00:00:00",1,"Marine Biological Consulting","None","0.00000000","Not Recorded","None",NULL,NULL,"checker","2019-05-20 13:40:15","checker","2019-05-20 13:40:15","{BA7339A5-E835-4C51-8299-D064F8B384E8}"
2461,"B18-10322","2018-08-01 00:00:00",1,"Marine Biological Consulting","Foliose Algae - not kelp","3.00000000","Not Recorded","",NULL,NULL,"checker","2019-05-20 13:40:15","checker","2019-05-20 13:40:15","{7F444937-59E0-48D5-B575-D7733A0E0DF3}"
2462,"B18-10242","2018-08-02 00:00:00",1,"Marine Biological Consulting","Kelp Stipe/Blade","3.00000000","Not Recorded","Partial blades",NULL,NULL,"checker","2019-05-20 13:40:15","checker","2019-05-20 13:40:15","{80459869-7934-4AFB-8C8B-5FC53FE3ADBD}"
2463,"B18-10241","2018-08-02 00:00:00",1,"Marine Biological Consulting","None","0.00000000","Not Recorded","None",NULL,NULL,"checker","2019-05-20 13:40:15","checker","2019-05-20 13:40:15","{28F5F380-D55C-454B-902D-BE0A3ACAFDBA}"
2464,"B18-10279","2018-08-02 00:00:00",2,"Marine Biological Consulting","None","0.00000000","Not Recorded","abundance of red crab, abandoned station",NULL,NULL,"checker","2019-05-20 13:40:15","checker","2019-05-20 13:40:15","{0F952488-C9DD-4396-A8E2-5BA7C50864EC}"
2465,"B18-10838","2018-08-28 00:00:00",2,"Marine Biological Consulting","Kelp Stipe/Blade","0.00000000","Not Recorded","blade",NULL,NULL,"checker","2019-05-20 13:40:15","checker","2019-05-20 13:40:15","{FD586DD3-B4C2-4F85-AEDC-8F29A78CE2B5}"
2466,"B18-10334","2018-09-25 00:00:00",1,"Southern California Coastal Water Research Project","Kelp Stipe/Blade","-99.00000000","Moderate","Low estimated weight",NULL,NULL,"checker","2019-06-10 12:40:40","checker","2019-06-10 12:40:40","{A7327C6E-EBA6-4230-B7C2-C6D075A41758}"
2467,"B18-10334","2018-09-25 00:00:00",1,"Southern California Coastal Water Research Project","Seagrass","-99.00000000","Moderate","Low estimated weight; Eelgrass blades probably greater than 10 count",NULL,NULL,"checker","2019-06-10 12:40:40","checker","2019-06-10 12:40:40","{4E2F315D-E9F6-44E2-AD8D-20CB0306E4AA}"
2468,"B18-10327","2018-09-25 00:00:00",2,"Southern California Coastal Water Research Project","Kelp Stipe/Blade","-99.00000000","Moderate","Low estimated weight",NULL,NULL,"checker","2019-06-10 12:40:40","checker","2019-06-10 12:40:40","{38611924-087A-44BE-BD1A-8EB1BEA50A0C}"
2469,"B18-10327","2018-09-25 00:00:00",2,"Southern California Coastal Water Research Project","Seagrass","-99.00000000","Moderate","Low estimated weight; Eelgrass blades probably greater than 10 count",NULL,NULL,"checker","2019-06-10 12:40:40","checker","2019-06-10 12:40:40","{D33B69BD-31BC-4F9D-8ABE-684CC44DF6FC}"
2470,"B18-10327","2018-09-25 00:00:00",2,"Southern California Coastal Water Research Project","Other Terrestrial (comment req.)","1.00000000","Not Recorded","About a 5 cm section from a Coreopsis gigantea stem decomposing (island debris); Low estimated weight",NULL,NULL,"checker","2019-06-10 12:40:40","checker","2019-06-10 12:40:40","{AE0F20B5-8974-43C5-8D02-774BA6805779}"
2374,"B18-10251","2018-08-28 00:00:00",3,"Aquatic Bioassay and Consulting Laboratories","Seagrass","1.00000000","Not Recorded","",NULL,NULL,"checker","2018-12-05 11:20:20","checker","2018-12-05 11:20:20","{A53546C7-DDDA-4A75-99F6-20B1DB547D91}"
2286,"B18-10349","2018-08-07 00:00:00",2,"City of San Diego","None","0.00000000","Not Recorded","No problem with trawl",NULL,NULL,"checker","2018-11-29 11:14:07","checker","2018-11-29 11:14:07","{B4E0C6F9-2283-48AF-AE4A-87EEDE73F4D7}"
2471,"B18-10228","2018-08-14 00:00:00",2,"Orange County Sanitation Districts","None","0.00000000","Not Recorded","No debris present",NULL,NULL,"checker","2019-10-07 09:25:44","checker","2019-10-07 09:25:44","{19E4772F-9876-4330-8666-1583E5092462}"
2472,"B18-10260","2018-08-14 00:00:00",1,"Orange County Sanitation Districts","None","0.00000000","Not Recorded","No debris present",NULL,NULL,"checker","2019-10-07 09:25:44","checker","2019-10-07 09:25:44","{A5BCB76D-D536-4346-8FCE-848E9315F0AC}"
2473,"B18-10227","2018-08-14 00:00:00",1,"Orange County Sanitation Districts","None","0.00000000","Not Recorded","No debris present",NULL,NULL,"checker","2019-10-07 09:25:44","checker","2019-10-07 09:25:44","{F868DB90-DD3E-40A4-A3D5-2889DE4CEA83}"
2474,"B18-10225","2018-08-15 00:00:00",1,"Orange County Sanitation Districts","Kelp Holdfast","1.00000000","Not Recorded","",NULL,NULL,"checker","2019-10-07 09:25:44","checker","2019-10-07 09:25:44","{08A1F0DD-D7A3-43A6-B1A6-3504BA26B0B3}"
2475,"B18-10225","2018-08-15 00:00:00",1,"Orange County Sanitation Districts","Kelp Stipe/Blade","3.00000000","Not Recorded","",NULL,NULL,"checker","2019-10-07 09:25:44","checker","2019-10-07 09:25:44","{8D8B446B-C804-4F6C-9937-F4B782DF3A8A}"
2476,"B18-10867","2018-08-15 00:00:00",1,"Orange County Sanitation Districts","None","0.00000000","Not Recorded","No debris present",NULL,NULL,"checker","2019-10-07 09:25:44","checker","2019-10-07 09:25:44","{812A6758-CC89-4E3E-AF34-42E859F19CE6}"
2477,"B18-10313","2018-08-15 00:00:00",1,"Orange County Sanitation Districts","None","0.00000000","Not Recorded","No debris present",NULL,NULL,"checker","2019-10-07 09:25:44","checker","2019-10-07 09:25:44","{7DDF5146-E360-41BC-97A6-731986ACA307}"
2478,"B18-10258","2018-08-16 00:00:00",1,"Orange County Sanitation Districts","Kelp Stipe/Blade","4.00000000","Not Recorded","",NULL,NULL,"checker","2019-10-07 09:25:44","checker","2019-10-07 09:25:44","{D60A5FA3-925E-40C1-9223-AAEB1546D191}"
2479,"B18-10258","2018-08-16 00:00:00",1,"Orange County Sanitation Districts","Other Misc. (comment req.)","1.00000000","Not Recorded","Rope (1 feet) - Photo w/one cotton glove",NULL,NULL,"checker","2019-10-07 09:25:44","checker","2019-10-07 09:25:44","{2523D608-8388-431A-AF37-33B4E2D6BBB9}"
2480,"B18-10914","2018-08-16 00:00:00",1,"Orange County Sanitation Districts","None","0.00000000","Not Recorded","No debris present",NULL,NULL,"checker","2019-10-07 09:25:44","checker","2019-10-07 09:25:44","{DF1A5C72-783D-440A-A0DD-F47424C60549}"
2481,"B18-10262","2018-08-16 00:00:00",1,"Orange County Sanitation Districts","Kelp Stipe/Blade","2.00000000","Not Recorded","",NULL,NULL,"checker","2019-10-07 09:25:44","checker","2019-10-07 09:25:44","{E8DB516C-6415-4693-8BB9-482E8F03E66E}"
2482,"B18-10222","2018-08-20 00:00:00",1,"Orange County Sanitation Districts","Kelp Stipe/Blade","8.00000000","Not Recorded","",NULL,NULL,"checker","2019-10-07 09:25:44","checker","2019-10-07 09:25:44","{1D43E094-8014-4DDF-B192-531658585E41}"
2483,"B18-10220","2018-08-20 00:00:00",1,"Orange County Sanitation Districts","None","0.00000000","Not Recorded","No debris present",NULL,NULL,"checker","2019-10-07 09:25:44","checker","2019-10-07 09:25:44","{34AEAC98-C233-4B0D-AB72-3B7A7521E891}"
2484,"B18-10223","2018-08-20 00:00:00",1,"Orange County Sanitation Districts","Kelp Stipe/Blade","20.00000000","Not Recorded","",NULL,NULL,"checker","2019-10-07 09:25:44","checker","2019-10-07 09:25:44","{64C926E3-DCC3-43CE-9516-E3AD6E42EDA2}"
2485,"B18-10913","2018-08-21 00:00:00",1,"Orange County Sanitation Districts","Kelp Holdfast","3.00000000","Not Recorded","",NULL,NULL,"checker","2019-10-07 09:25:44","checker","2019-10-07 09:25:44","{F09A3AB2-CD65-4FB8-97F9-334C1B1BDD7F}"
2486,"B18-10913","2018-08-21 00:00:00",1,"Orange County Sanitation Districts","Kelp Stipe/Blade","24.00000000","Not Recorded","",NULL,NULL,"checker","2019-10-07 09:25:44","checker","2019-10-07 09:25:44","{E30362C0-C525-4F1B-BB73-C7A9B4B54BA4}"
2487,"B18-10226","2018-08-21 00:00:00",1,"Orange County Sanitation Districts","Plastic Piece (unid.)","1.00000000","Not Recorded","",NULL,NULL,"checker","2019-10-07 09:25:44","checker","2019-10-07 09:25:44","{5085571D-EA17-45C2-9108-0F2C23EBAA07}"
2488,"B18-10226","2018-08-21 00:00:00",1,"Orange County Sanitation Districts","Kelp Stipe/Blade","4.00000000","Not Recorded","",NULL,NULL,"checker","2019-10-07 09:25:44","checker","2019-10-07 09:25:44","{EE0CC7B4-3156-4E6C-8996-157D4C60229B}"
2489,"B18-10915","2018-08-21 00:00:00",1,"Orange County Sanitation Districts","Kelp Stipe/Blade","4.00000000","Not Recorded","",NULL,NULL,"checker","2019-10-07 09:25:44","checker","2019-10-07 09:25:44","{E579B8D0-8F8D-429F-94A0-CAB78C74BD7A}"
2490,"B18-10314","2018-08-22 00:00:00",1,"Orange County Sanitation Districts","Other Plastic (comment req.)","2.00000000","Not Recorded","1 Pipe - 6 inch diameter and 8.5 feet / 1 Broken container 48 x 20 x 18 inches (length x width x height)",NULL,NULL,"checker","2019-10-07 09:25:44","checker","2019-10-07 09:25:44","{80842EB1-DAFC-4DA3-9232-21DD91427977}"
2491,"B18-10314","2018-08-22 00:00:00",1,"Orange County Sanitation Districts","Kelp Stipe/Blade","3.00000000","Not Recorded","",NULL,NULL,"checker","2019-10-07 09:25:44","checker","2019-10-07 09:25:44","{BA31474A-BED9-4953-B9B3-0A0628C77FA8}"
2492,"B18-10973","2018-08-22 00:00:00",1,"Orange County Sanitation Districts","None","0.00000000","Not Recorded","No debris present",NULL,NULL,"checker","2019-10-07 09:25:44","checker","2019-10-07 09:25:44","{4BAD5926-A975-493C-A7E9-1A382C92AFE6}"
2493,"B18-10346","2018-09-25 00:00:00",1,"Orange County Sanitation Districts","Other Plastic (comment req.)","1.00000000","Not Recorded","Plastic container",NULL,NULL,"checker","2019-10-07 09:25:44","checker","2019-10-07 09:25:44","{C3F63081-CF1A-4349-8CDD-4EF4A4CC9CEF}"
2494,"B18-10346","2018-09-25 00:00:00",1,"Orange County Sanitation Districts","Lumber","2.00000000","Not Recorded","Wood pieces",NULL,NULL,"checker","2019-10-07 09:25:44","checker","2019-10-07 09:25:44","{7AF41624-6ADE-4F11-8878-49F30BF7DACE}"
2496,"B18-10345","2018-09-26 00:00:00",1,"Orange County Sanitation Districts","None","0.00000000","Not Recorded","No debris present",NULL,NULL,"checker","2019-10-07 09:25:44","checker","2019-10-07 09:25:44","{75A9BCDE-871B-4F4F-9338-439E301D6C1D}"
2497,"B18-10862","2018-09-26 00:00:00",1,"Orange County Sanitation Districts","Kelp Holdfast","7.00000000","Not Recorded","",NULL,NULL,"checker","2019-10-07 09:25:44","checker","2019-10-07 09:25:44","{28BAD94B-DDDE-4BDD-B220-82519F16E915}"
2498,"B18-10862","2018-09-26 00:00:00",1,"Orange County Sanitation Districts","Kelp Stipe/Blade","31.00000000","Not Recorded","",NULL,NULL,"checker","2019-10-07 09:25:44","checker","2019-10-07 09:25:44","{BEA5F245-C0E1-4453-9AD7-F049F35D661C}"
2499,"B18-10862","2018-09-26 00:00:00",1,"Orange County Sanitation Districts","Other Misc. (comment req.)","1.00000000","Not Recorded","Excess ball fishing line",NULL,NULL,"checker","2019-10-07 09:25:44","checker","2019-10-07 09:25:44","{174066F4-1FA1-4250-8054-A06069897427}"
2495,"B18-10344","2018-09-25 00:00:00",2,"Orange County Sanitation Districts","Other Misc. (comment req.)","0.00000000","Not Recorded","No debris present",NULL,NULL,"checker","2019-10-07 09:25:44","checker","2019-10-07 09:25:44","{ED0B4FBD-2423-46F0-8153-E4A41F809499}"
2500,"B18-10068","2018-07-10 00:00:00",2,"AMEC, Foster, & Wheeler / WOOD","Bottle","1.00000000","Not Recorded","",NULL,NULL,"checker","2020-01-14 12:07:01","checker","2020-01-14 12:07:01","{3A7FB38F-A59F-47AC-9EB1-28861C08684A}"
2501,"B18-10068","2018-07-10 00:00:00",2,"AMEC, Foster, & Wheeler / WOOD","Kelp Holdfast","4.00000000","Not Recorded","",NULL,NULL,"checker","2020-01-14 12:07:01","checker","2020-01-14 12:07:01","{4F8174AE-BE32-4402-B818-F72F1470544E}"
2502,"B18-10068","2018-07-10 00:00:00",2,"AMEC, Foster, & Wheeler / WOOD","Foliose Algae - not kelp","6.00000000","Not Recorded","",NULL,NULL,"checker","2020-01-14 12:07:01","checker","2020-01-14 12:07:01","{EE07DD94-A685-41C3-B668-4A516FB19ABE}"
2503,"B18-10068","2018-07-10 00:00:00",2,"AMEC, Foster, & Wheeler / WOOD","Seagrass","5.00000000","Not Recorded","",NULL,NULL,"checker","2020-01-14 12:07:01","checker","2020-01-14 12:07:01","{330F6DF1-41C0-4378-98EA-A6EB5BFA3A4A}"
2504,"B18-10071","2018-07-11 00:00:00",1,"AMEC, Foster, & Wheeler / WOOD","Foliose Algae - not kelp","-88.00000000","Moderate","",NULL,NULL,"checker","2020-01-14 12:07:01","checker","2020-01-14 12:07:01","{0117DDA7-9B1F-4BD1-86B4-22F566BCB399}"
2505,"B18-10071","2018-07-11 00:00:00",1,"AMEC, Foster, & Wheeler / WOOD","Kelp Holdfast","3.00000000","Not Recorded","",NULL,NULL,"checker","2020-01-14 12:07:01","checker","2020-01-14 12:07:01","{CA208A0C-E07D-43B8-A82A-A4C324DD0D25}"
2506,"B18-10071","2018-07-11 00:00:00",1,"AMEC, Foster, & Wheeler / WOOD","Kelp Stipe/Blade","-88.00000000","Moderate","",NULL,NULL,"checker","2020-01-14 12:07:01","checker","2020-01-14 12:07:01","{F4E9CC90-0937-418F-AA83-84504038E90B}"
2507,"B18-10016","2018-07-13 00:00:00",1,"AMEC, Foster, & Wheeler / WOOD","Foliose Algae - not kelp","-88.00000000","Moderate","",NULL,NULL,"checker","2020-01-14 12:07:01","checker","2020-01-14 12:07:01","{58731638-F099-4059-8295-1CE673280C67}"
2508,"B18-10016","2018-07-13 00:00:00",1,"AMEC, Foster, & Wheeler / WOOD","Seagrass","-88.00000000","Moderate","lots of epiphytes",NULL,NULL,"checker","2020-01-14 12:07:01","checker","2020-01-14 12:07:01","{12D7F71A-0F59-48F8-9B2D-491B643225BC}"
2509,"B18-10016","2018-07-13 00:00:00",2,"AMEC, Foster, & Wheeler / WOOD","None","0.00000000","Not Recorded","no debris present in sample",NULL,NULL,"checker","2020-01-14 12:07:01","checker","2020-01-14 12:07:01","{A53AF396-D3E4-4E96-B90A-7CEB32885344}"
2510,"B18-10017","2018-07-13 00:00:00",1,"AMEC, Foster, & Wheeler / WOOD","Foliose Algae - not kelp","-88.00000000","Moderate","",NULL,NULL,"checker","2020-01-14 12:07:01","checker","2020-01-14 12:07:01","{604A5E6E-A307-477E-B3AF-9997E1BE5386}"
2511,"B18-10017","2018-07-13 00:00:00",1,"AMEC, Foster, & Wheeler / WOOD","Kelp Stipe/Blade","6.00000000","Not Recorded","",NULL,NULL,"checker","2020-01-14 12:07:01","checker","2020-01-14 12:07:01","{F8471CCB-2B0B-41A3-95DC-8F4665E18AC4}"
2512,"B18-10017","2018-07-13 00:00:00",1,"AMEC, Foster, & Wheeler / WOOD","Seagrass","-88.00000000","Moderate","",NULL,NULL,"checker","2020-01-14 12:07:01","checker","2020-01-14 12:07:01","{2CE733CE-ED99-4D21-89E6-B72AA40AB09C}"
2513,"B18-10019","2018-07-13 00:00:00",1,"AMEC, Foster, & Wheeler / WOOD","Foliose Algae - not kelp","-88.00000000","Moderate","",NULL,NULL,"checker","2020-01-14 12:07:01","checker","2020-01-14 12:07:01","{51CC677B-D6C7-4FEB-A4AD-32098FBBCDBB}"
2514,"B18-10019","2018-07-13 00:00:00",1,"AMEC, Foster, & Wheeler / WOOD","Kelp Stipe/Blade","1.00000000","Not Recorded","",NULL,NULL,"checker","2020-01-14 12:07:01","checker","2020-01-14 12:07:01","{A2018A90-99D6-40E2-BD68-0C6172BCFCC2}"
2515,"B18-10019","2018-07-13 00:00:00",1,"AMEC, Foster, & Wheeler / WOOD","Seagrass","-88.00000000","Moderate","",NULL,NULL,"checker","2020-01-14 12:07:01","checker","2020-01-14 12:07:01","{89633D5F-2A5C-4ACD-897B-D69837A454D9}"
2516,"B18-10022","2018-07-23 00:00:00",1,"AMEC, Foster, & Wheeler / WOOD","Kelp Stipe/Blade","2.00000000","Not Recorded","blade",NULL,NULL,"checker","2020-01-14 12:07:01","checker","2020-01-14 12:07:01","{A4DD693E-B419-4071-802C-D1F1E8CDB471}"
2517,"B18-10022","2018-07-23 00:00:00",1,"AMEC, Foster, & Wheeler / WOOD","Seagrass","2.00000000","Not Recorded","",NULL,NULL,"checker","2020-01-14 12:07:01","checker","2020-01-14 12:07:01","{31F0D05A-4C1A-4855-95FE-EDCCA341A548}"
2518,"B18-10023","2018-07-23 00:00:00",1,"AMEC, Foster, & Wheeler / WOOD","None","0.00000000","Not Recorded","no debris present in sample",NULL,NULL,"checker","2020-01-14 12:07:01","checker","2020-01-14 12:07:01","{1E0E85D2-27A5-43A7-9115-99B9E14D2B13}"
2519,"B18-10024","2018-07-23 00:00:00",1,"AMEC, Foster, & Wheeler / WOOD","None","0.00000000","Not Recorded","no debris present in sample",NULL,NULL,"checker","2020-01-14 12:07:01","checker","2020-01-14 12:07:01","{3DFA6C89-1594-4EAA-93CC-76360D1B7D2B}"
2520,"B18-10030","2018-07-23 00:00:00",1,"AMEC, Foster, & Wheeler / WOOD","Kelp Holdfast","1.00000000","Not Recorded","",NULL,NULL,"checker","2020-01-14 12:07:01","checker","2020-01-14 12:07:01","{2803FC4E-A840-4579-948E-3336DA5D4818}"
2521,"B18-10030","2018-07-23 00:00:00",1,"AMEC, Foster, & Wheeler / WOOD","Kelp Stipe/Blade","-88.00000000","Moderate","",NULL,NULL,"checker","2020-01-14 12:07:01","checker","2020-01-14 12:07:01","{58B4A16C-497F-46DB-8C8C-1258A68F83CE}"
2522,"B18-10030","2018-07-23 00:00:00",1,"AMEC, Foster, & Wheeler / WOOD","Foliose Algae - not kelp","1.00000000","Not Recorded","red algae",NULL,NULL,"checker","2020-01-14 12:07:01","checker","2020-01-14 12:07:01","{92801D3A-BF12-4214-9FE5-49794390909A}"
2523,"B18-10030","2018-07-23 00:00:00",1,"AMEC, Foster, & Wheeler / WOOD","Seagrass","12.00000000","Not Recorded","",NULL,NULL,"checker","2020-01-14 12:07:01","checker","2020-01-14 12:07:01","{4432068C-B01C-48FC-A77A-544E09D71C9A}"
2524,"B18-10030","2018-07-23 00:00:00",1,"AMEC, Foster, & Wheeler / WOOD","Other Marine (comment req.)","12.00000000","Not Recorded","empty tubes; some shell hash",NULL,NULL,"checker","2020-01-14 12:07:01","checker","2020-01-14 12:07:01","{5738D317-4986-4AE7-AC73-61AE03F14847}"
2525,"B18-10030","2018-07-23 00:00:00",2,"AMEC, Foster, & Wheeler / WOOD","Kelp Stipe/Blade","-88.00000000","Moderate","",NULL,NULL,"checker","2020-01-14 12:07:01","checker","2020-01-14 12:07:01","{234ED3D3-6A3C-4F12-B524-5FBDFA7A5852}"
2526,"B18-10034","2018-07-24 00:00:00",1,"AMEC, Foster, & Wheeler / WOOD","None","0.00000000","Not Recorded","no debris present in sample",NULL,NULL,"checker","2020-01-14 12:07:01","checker","2020-01-14 12:07:01","{B12C69F9-B293-411E-8642-CC0934155056}"
2527,"B18-10036","2018-07-24 00:00:00",1,"AMEC, Foster, & Wheeler / WOOD","Foliose Algae - not kelp","-88.00000000","Moderate","red algae",NULL,NULL,"checker","2020-01-14 12:07:01","checker","2020-01-14 12:07:01","{622429CC-5FF8-4D15-9C3C-D217B52A6967}"
2528,"B18-10037","2018-07-24 00:00:00",1,"AMEC, Foster, & Wheeler / WOOD","Foliose Algae - not kelp","-88.00000000","High","red algae",NULL,NULL,"checker","2020-01-14 12:07:01","checker","2020-01-14 12:07:01","{55D26007-6541-456B-83F0-74B605C40D67}"
2529,"B18-10037","2018-07-24 00:00:00",1,"AMEC, Foster, & Wheeler / WOOD","Seagrass","-88.00000000","High","eelgrass",NULL,NULL,"checker","2020-01-14 12:07:01","checker","2020-01-14 12:07:01","{E7353346-2E11-4A49-8C2C-600256C968AB}"
2530,"B18-10039","2018-07-24 00:00:00",1,"AMEC, Foster, & Wheeler / WOOD","Foliose Algae - not kelp","-88.00000000","High","red algae with epiphytic bryozoans",NULL,NULL,"checker","2020-01-14 12:07:01","checker","2020-01-14 12:07:01","{9BC8B201-0AD6-4B8D-87DF-43CBA34F338A}"
2531,"B18-10039","2018-07-24 00:00:00",1,"AMEC, Foster, & Wheeler / WOOD","Seagrass","-88.00000000","Moderate","eelgrass",NULL,NULL,"checker","2020-01-14 12:07:01","checker","2020-01-14 12:07:01","{8466D0B1-762B-4AC2-975A-C3AD232C58BE}"
2532,"B18-10039","2018-07-24 00:00:00",1,"AMEC, Foster, & Wheeler / WOOD","Other Marine (comment req.)","4.00000000","Not Recorded","empty Musculista",NULL,NULL,"checker","2020-01-14 12:07:01","checker","2020-01-14 12:07:01","{F40ABEFD-E02A-4AA7-89CD-73AC1CA637A0}"
2533,"B18-10038","2018-07-25 00:00:00",1,"AMEC, Foster, & Wheeler / WOOD","Foliose Algae - not kelp","-88.00000000","Moderate","red algae",NULL,NULL,"checker","2020-01-14 12:07:01","checker","2020-01-14 12:07:01","{0C085281-324C-4389-A607-36C8338E8627}"
2534,"B18-10038","2018-07-25 00:00:00",1,"AMEC, Foster, & Wheeler / WOOD","Seagrass","-88.00000000","Moderate","",NULL,NULL,"checker","2020-01-14 12:07:01","checker","2020-01-14 12:07:01","{97452478-6EAD-4077-BB92-239638593743}"
2535,"B18-10042","2018-07-25 00:00:00",1,"AMEC, Foster, & Wheeler / WOOD","Foliose Algae - not kelp","-88.00000000","High","",NULL,NULL,"checker","2020-01-14 12:07:01","checker","2020-01-14 12:07:01","{6188C492-D308-4C79-8E52-4240DFC86677}"
2536,"B18-10042","2018-07-25 00:00:00",1,"AMEC, Foster, & Wheeler / WOOD","Seagrass","-88.00000000","High","lots of epiphytes on eelgrass",NULL,NULL,"checker","2020-01-14 12:07:01","checker","2020-01-14 12:07:01","{0D8AEE7B-380E-41B2-A015-48D86E7F1CCE}"
